[{"model": "admin.logentry", "pk": 1, "fields": {"action_time": "2023-03-15T08:39:19.622Z", "user": 3, "content_type": 9, "object_id": "1", "object_repr": "Анализ", "action_flag": 1, "change_message": "[{\"added\": {}}]"}}, {"model": "admin.logentry", "pk": 2, "fields": {"action_time": "2023-03-15T08:39:37.054Z", "user": 3, "content_type": 9, "object_id": "2", "object_repr": "Выполнение", "action_flag": 1, "change_message": "[{\"added\": {}}]"}}, {"model": "admin.logentry", "pk": 3, "fields": {"action_time": "2023-03-15T08:39:55.036Z", "user": 3, "content_type": 9, "object_id": "3", "object_repr": "Тестирование", "action_flag": 1, "change_message": "[{\"added\": {}}]"}}, {"model": "admin.logentry", "pk": 4, "fields": {"action_time": "2023-03-15T08:40:16.138Z", "user": 3, "content_type": 9, "object_id": "4", "object_repr": "Выполнена", "action_flag": 1, "change_message": "[{\"added\": {}}]"}}, {"model": "admin.logentry", "pk": 5, "fields": {"action_time": "2023-03-17T13:46:51.787Z", "user": 3, "content_type": 10, "object_id": "7", "object_repr": "Задача со спринтом", "action_flag": 2, "change_message": "[{\"changed\": {\"fields\": [\"Is complete\"]}}]"}}, {"model": "admin.logentry", "pk": 6, "fields": {"action_time": "2023-03-17T13:47:03.367Z", "user": 3, "content_type": 10, "object_id": "6", "object_repr": "Новая задача", "action_flag": 2, "change_message": "[{\"changed\": {\"fields\": [\"Is complete\"]}}]"}}, {"model": "admin.logentry", "pk": 7, "fields": {"action_time": "2023-03-17T13:47:16.939Z", "user": 3, "content_type": 10, "object_id": "8", "object_repr": "321", "action_flag": 2, "change_message": "[{\"changed\": {\"fields\": [\"Is complete\"]}}]"}}, {"model": "admin.logentry", "pk": 8, "fields": {"action_time": "2023-03-18T18:48:16.633Z", "user": 3, "content_type": 9, "object_id": "6", "object_repr": "Добработка", "action_flag": 1, "change_message": "[{\"added\": {}}]"}}, {"model": "admin.logentry", "pk": 9, "fields": {"action_time": "2023-03-18T18:50:19.311Z", "user": 3, "content_type": 9, "object_id": "7", "object_repr": "Выполнена", "action_flag": 1, "change_message": "[{\"added\": {}}]"}}, {"model": "admin.logentry", "pk": 10, "fields": {"action_time": "2023-03-18T18:51:22.600Z", "user": 3, "content_type": 9, "object_id": "5", "object_repr": "Поиск причины", "action_flag": 2, "change_message": "[{\"changed\": {\"fields\": [\"Name\"]}}]"}}, {"model": "admin.logentry", "pk": 11, "fields": {"action_time": "2023-03-18T18:51:34.860Z", "user": 3, "content_type": 9, "object_id": "8", "object_repr": "Исправление", "action_flag": 1, "change_message": "[{\"added\": {}}]"}}, {"model": "admin.logentry", "pk": 12, "fields": {"action_time": "2023-03-18T18:51:43.166Z", "user": 3, "content_type": 9, "object_id": "9", "object_repr": "Тестирование", "action_flag": 1, "change_message": "[{\"added\": {}}]"}}, {"model": "admin.logentry", "pk": 13, "fields": {"action_time": "2023-03-18T18:51:54.563Z", "user": 3, "content_type": 9, "object_id": "10", "object_repr": "Завершена", "action_flag": 1, "change_message": "[{\"added\": {}}]"}}, {"model": "admin.logentry", "pk": 14, "fields": {"action_time": "2023-03-18T21:56:26.896Z", "user": 3, "content_type": 9, "object_id": "6", "object_repr": "Добработка", "action_flag": 3, "change_message": ""}}, {"model": "admin.logentry", "pk": 15, "fields": {"action_time": "2023-03-18T21:56:42.251Z", "user": 3, "content_type": 9, "object_id": "7", "object_repr": "Выполнена", "action_flag": 3, "change_message": ""}}, {"model": "admin.logentry", "pk": 16, "fields": {"action_time": "2023-03-19T00:48:40.843Z", "user": 3, "content_type": 4, "object_id": "4", "object_repr": "Петя", "action_flag": 2, "change_message": "[{\"changed\": {\"fields\": [\"Email address\"]}}]"}}, {"model": "admin.logentry", "pk": 17, "fields": {"action_time": "2023-03-19T00:48:49.826Z", "user": 3, "content_type": 4, "object_id": "2", "object_repr": "Гаврила", "action_flag": 2, "change_message": "[{\"changed\": {\"fields\": [\"Email address\"]}}]"}}, {"model": "admin.logentry", "pk": 18, "fields": {"action_time": "2023-03-19T00:48:55.941Z", "user": 3, "content_type": 4, "object_id": "5", "object_repr": "Ввв", "action_flag": 2, "change_message": "[{\"changed\": {\"fields\": [\"Email address\"]}}]"}}, {"model": "admin.logentry", "pk": 19, "fields": {"action_time": "2023-03-19T00:49:02.194Z", "user": 3, "content_type": 4, "object_id": "1", "object_repr": "Васисуалий", "action_flag": 2, "change_message": "[{\"changed\": {\"fields\": [\"Email address\"]}}]"}}, {"model": "admin.logentry", "pk": 20, "fields": {"action_time": "2023-03-19T00:49:12.851Z", "user": 3, "content_type": 4, "object_id": "3", "object_repr": "admin", "action_flag": 2, "change_message": "[{\"changed\": {\"fields\": [\"Email address\"]}}]"}}, {"model": "auth.user", "pk": 1, "fields": {"password": "pbkdf2_sha256$390000$JsDSSzA48guSQmgt6sCnXT$O7CRlSP6g48QpihMcH96bjVgkC17z/09kq4BOC/4aeE=", "last_login": null, "is_superuser": false, "username": "Васисуалий", "first_name": "", "last_name": "", "email": "", "is_staff": false, "is_active": true, "date_joined": "2023-03-14T14:40:08Z", "groups": [], "user_permissions": []}}, {"model": "auth.user", "pk": 2, "fields": {"password": "pbkdf2_sha256$390000$0wWOFu9No9d2V3wQ6GRUNM$bW9l8p2gVPESG7YijYc7SPcD6I/1NMNTjUGfITZUJYE=", "last_login": "2023-03-14T15:46:57Z", "is_superuser": false, "username": "Гаврила", "first_name": "", "last_name": "", "email": "", "is_staff": false, "is_active": true, "date_joined": "2023-03-14T15:46:35Z", "groups": [], "user_permissions": []}}, {"model": "auth.user", "pk": 3, "fields": {"password": "pbkdf2_sha256$390000$7KB8SlxkGArIOYoccNyvAJ$g/gDTqAKRONg8LJ7HZmO5pEvJhUllNQXNwYf8U93nNQ=", "last_login": "2023-03-19T00:35:15Z", "is_superuser": true, "username": "admin", "first_name": "", "last_name": "", "email": "tessio@list.ru", "is_staff": true, "is_active": true, "date_joined": "2023-03-14T17:48:40Z", "groups": [], "user_permissions": []}}, {"model": "auth.user", "pk": 4, "fields": {"password": "pbkdf2_sha256$390000$8xwFjVXn61oyVfS49Q146b$mOjsF6hEca6Wqd+6+l8Cn1YUMWrKIvkXf72hfn8KpGg=", "last_login": null, "is_superuser": false, "username": "Петя", "first_name": "", "last_name": "", "email": "", "is_staff": false, "is_active": true, "date_joined": "2023-03-14T18:12:24Z", "groups": [], "user_permissions": []}}, {"model": "auth.user", "pk": 5, "fields": {"password": "pbkdf2_sha256$390000$SGSGZq3hEW7mYOjTeVDNr8$LPdW4GZ4RK1Pe8B4eQRrhy/hhkRFi4BB33HGSTFzJS4=", "last_login": "2023-03-14T18:14:27Z", "is_superuser": false, "username": "Ввв", "first_name": "", "last_name": "", "email": "", "is_staff": false, "is_active": true, "date_joined": "2023-03-14T18:13:33Z", "groups": [], "user_permissions": []}}, {"model": "sessions.session", "pk": "2ta5e4zrro9j5cmkpig22ho9eiipwwcl", "fields": {"session_data": ".eJxVjDsOwyAQBe9CHSGjNb-U6XMGtOxCcBKBZOzKyt0jJBdJ-2bmHSLgvpWw97SGhcVVgLj8bhHpleoA_MT6aJJa3dYlyqHIk3Z5b5zet9P9OyjYy6itgmydng3rKToCjbNTzijOYI2dIUdIyXvlJyBizT5RRJsRiElDFp8v0wU4SQ:1pdh11:y6s4LuTMSYqh2BluXXEY2EanKbj49ReNLLjW4y1Ea5U", "expire_date": "2023-04-02T00:35:15.437Z"}}, {"model": "sessions.session", "pk": "2w9513zyk76258bd7qcs7nx6r66remjv", "fields": {"session_data": ".eJxVjDsOwyAQBe9CHSGjNb-U6XMGtOxCcBKBZOzKyt0jJBdJ-2bmHSLgvpWw97SGhcVVgLj8bhHpleoA_MT6aJJa3dYlyqHIk3Z5b5zet9P9OyjYy6itgmydng3rKToCjbNTzijOYI2dIUdIyXvlJyBizT5RRJsRiElDFp8v0wU4SQ:1pc9A1:zqm8mN6xXkUrIkMvpGuSnz-ETvopvMIXrJmUSv62nj4", "expire_date": "2023-03-28T18:14:09.251Z"}}, {"model": "sessions.session", "pk": "6kj458941undepp72hzer7c1q86fsugf", "fields": {"session_data": ".eJxVjDsOwyAQBe9CHSGjNb-U6XMGtOxCcBKBZOzKyt0jJBdJ-2bmHSLgvpWw97SGhcVVgLj8bhHpleoA_MT6aJJa3dYlyqHIk3Z5b5zet9P9OyjYy6itgmydng3rKToCjbNTzijOYI2dIUdIyXvlJyBizT5RRJsRiElDFp8v0wU4SQ:1pcAxt:E9n8-7PlK2-FGtJRso-jV638USPFQz4G5iJQYcppGQg", "expire_date": "2023-03-28T20:09:45.822Z"}}, {"model": "sessions.session", "pk": "cp0zj4aszlp8a07gwsc7g8i6xbmxh6tc", "fields": {"session_data": ".eJxVjDsOwyAQBe9CHSGjNb-U6XMGtOxCcBKBZOzKyt0jJBdJ-2bmHSLgvpWw97SGhcVVgLj8bhHpleoA_MT6aJJa3dYlyqHIk3Z5b5zet9P9OyjYy6itgmydng3rKToCjbNTzijOYI2dIUdIyXvlJyBizT5RRJsRiElDFp8v0wU4SQ:1pctrg:khMzSjNKfC7uU7lrfeUgMe8XyjPY5HSQue1gPqz31wg", "expire_date": "2023-03-30T20:06:20.109Z"}}, {"model": "sessions.session", "pk": "mj7il4v2vgchmvpldpbnh2d1t370ivlw", "fields": {"session_data": ".eJxVjDsOwyAQBe9CHSGjNb-U6XMGtOxCcBKBZOzKyt0jJBdJ-2bmHSLgvpWw97SGhcVVgLj8bhHpleoA_MT6aJJa3dYlyqHIk3Z5b5zet9P9OyjYy6itgmydng3rKToCjbNTzijOYI2dIUdIyXvlJyBizT5RRJsRiElDFp8v0wU4SQ:1pcOwM:n6dpGvgCbhIWNuKfnaOVfP5VwQSuq1mLBTKBCJ9cQDw", "expire_date": "2023-03-29T11:05:06.185Z"}}, {"model": "sessions.session", "pk": "zoqetx71jnai5rnbfarkbbrh98v7eihd", "fields": {"session_data": ".eJxVjDsOwyAQBe9CHSGjNb-U6XMGtOxCcBKBZOzKyt0jJBdJ-2bmHSLgvpWw97SGhcVVgLj8bhHpleoA_MT6aJJa3dYlyqHIk3Z5b5zet9P9OyjYy6itgmydng3rKToCjbNTzijOYI2dIUdIyXvlJyBizT5RRJsRiElDFp8v0wU4SQ:1pd7Mo:W9H5b5LxG6Iy9CVbBbMiBvv7DVg95CJcKGWCQ7ryj-E", "expire_date": "2023-03-31T10:31:22.195Z"}}, {"model": "tmapp.historicaltask", "pk": 1, "fields": {"id": 1, "name": "52", "content": "12312", "is_complete": false, "timestamp_create": "2023-03-14T20:13:18.601Z", "timestamp_done": null, "status": null, "executor": null, "project": null, "sprint": null, "history_date": "2023-03-14T20:13:18.724Z", "history_change_reason": null, "history_type": "+", "history_user": null}}, {"model": "tmapp.historicaltask", "pk": 2, "fields": {"id": 2, "name": "23321", "content": "12312312", "is_complete": false, "timestamp_create": "2023-03-14T20:13:35.370Z", "timestamp_done": null, "status": null, "executor": 1, "project": null, "sprint": null, "history_date": "2023-03-14T20:13:35.510Z", "history_change_reason": null, "history_type": "+", "history_user": null}}, {"model": "tmapp.historicaltask", "pk": 3, "fields": {"id": 3, "name": "Многострочно", "content": "Много\r\nмного\r\nмного\r\nмного \r\nстрок", "is_complete": false, "timestamp_create": "2023-03-14T20:14:20.900Z", "timestamp_done": null, "status": null, "executor": 4, "project": null, "sprint": null, "history_date": "2023-03-14T20:14:21.648Z", "history_change_reason": null, "history_type": "+", "history_user": null}}, {"model": "tmapp.historicaltask", "pk": 4, "fields": {"id": 4, "name": "Новая задача", "content": "Xnj", "is_complete": false, "timestamp_create": "2023-03-15T09:27:17.130Z", "timestamp_done": null, "status": null, "executor": null, "project": null, "sprint": null, "history_date": "2023-03-15T09:27:17.147Z", "history_change_reason": null, "history_type": "+", "history_user": null}}, {"model": "tmapp.historicaltask", "pk": 5, "fields": {"id": 5, "name": "Ещё одна задача", "content": "Тут будет задача для админа", "is_complete": false, "timestamp_create": "2023-03-15T09:31:22.048Z", "timestamp_done": null, "status": 3, "executor": 3, "project": null, "sprint": null, "history_date": "2023-03-15T09:31:22.057Z", "history_change_reason": null, "history_type": "+", "history_user": null}}, {"model": "tmapp.historicaltask", "pk": 6, "fields": {"id": 6, "name": "Новая задача", "content": "цукцукцук", "is_complete": false, "timestamp_create": "2023-03-15T09:42:32.548Z", "timestamp_done": null, "status": null, "executor": null, "project": 1, "sprint": null, "history_date": "2023-03-15T09:42:32.556Z", "history_change_reason": null, "history_type": "+", "history_user": null}}, {"model": "tmapp.historicaltask", "pk": 7, "fields": {"id": 7, "name": "Задача со спринтом", "content": "ЧТо то такое", "is_complete": false, "timestamp_create": "2023-03-16T07:17:31.596Z", "timestamp_done": null, "status": 2, "executor": 2, "project": 1, "sprint": 1, "history_date": "2023-03-16T07:17:31.617Z", "history_change_reason": null, "history_type": "+", "history_user": null}}, {"model": "tmapp.historicaltask", "pk": 8, "fields": {"id": 8, "name": "321", "content": "123", "is_complete": false, "timestamp_create": "2023-03-16T11:10:17.566Z", "timestamp_done": null, "status": 2, "executor": 2, "project": null, "sprint": null, "history_date": "2023-03-16T11:10:17.591Z", "history_change_reason": null, "history_type": "+", "history_user": null}}, {"model": "tmapp.historicaltask", "pk": 9, "fields": {"id": 9, "name": "321", "content": "123", "is_complete": false, "timestamp_create": "2023-03-16T11:10:29.962Z", "timestamp_done": null, "status": 2, "executor": 2, "project": null, "sprint": null, "history_date": "2023-03-16T11:10:30.003Z", "history_change_reason": null, "history_type": "+", "history_user": null}}, {"model": "tmapp.historicaltask", "pk": 10, "fields": {"id": 10, "name": "321", "content": "123", "is_complete": false, "timestamp_create": "2023-03-16T11:10:36.865Z", "timestamp_done": null, "status": 2, "executor": 3, "project": null, "sprint": null, "history_date": "2023-03-16T11:10:36.885Z", "history_change_reason": null, "history_type": "+", "history_user": null}}, {"model": "tmapp.historicaltask", "pk": 11, "fields": {"id": 11, "name": "321", "content": "123", "is_complete": false, "timestamp_create": "2023-03-16T11:10:51.302Z", "timestamp_done": null, "status": 2, "executor": 2, "project": 1, "sprint": null, "history_date": "2023-03-16T11:10:51.313Z", "history_change_reason": null, "history_type": "+", "history_user": null}}, {"model": "tmapp.historicaltask", "pk": 12, "fields": {"id": 12, "name": "321", "content": "123", "is_complete": false, "timestamp_create": "2023-03-16T11:12:28.623Z", "timestamp_done": null, "status": null, "executor": null, "project": null, "sprint": null, "history_date": "2023-03-16T11:12:28.633Z", "history_change_reason": null, "history_type": "+", "history_user": null}}, {"model": "tmapp.historicaltask", "pk": 13, "fields": {"id": 13, "name": "321", "content": "123edit", "is_complete": false, "timestamp_create": "2023-03-16T11:13:48.698Z", "timestamp_done": null, "status": null, "executor": null, "project": null, "sprint": null, "history_date": "2023-03-16T11:13:48.745Z", "history_change_reason": null, "history_type": "+", "history_user": null}}, {"model": "tmapp.historicaltask", "pk": 14, "fields": {"id": 14, "name": "321", "content": "123edit111", "is_complete": false, "timestamp_create": "2023-03-16T11:21:46.725Z", "timestamp_done": null, "status": null, "executor": null, "project": null, "sprint": null, "history_date": "2023-03-16T11:21:46.741Z", "history_change_reason": null, "history_type": "+", "history_user": null}}, {"model": "tmapp.historicaltask", "pk": 15, "fields": {"id": 15, "name": "123", "content": "321", "is_complete": false, "timestamp_create": "2023-03-16T11:23:54.006Z", "timestamp_done": null, "status": null, "executor": null, "project": null, "sprint": null, "history_date": "2023-03-16T11:23:54.022Z", "history_change_reason": null, "history_type": "+", "history_user": null}}, {"model": "tmapp.historicaltask", "pk": 16, "fields": {"id": 16, "name": "123", "content": "321123", "is_complete": false, "timestamp_create": "2023-03-16T11:24:05.344Z", "timestamp_done": null, "status": null, "executor": null, "project": null, "sprint": null, "history_date": "2023-03-16T11:24:05.363Z", "history_change_reason": null, "history_type": "+", "history_user": null}}, {"model": "tmapp.historicaltask", "pk": 17, "fields": {"id": 17, "name": "123", "content": "ffffffffffffffffffffffffffffffffffffffffffffffff", "is_complete": false, "timestamp_create": "2023-03-16T11:30:00.723Z", "timestamp_done": null, "status": null, "executor": null, "project": null, "sprint": null, "history_date": "2023-03-16T11:30:00.745Z", "history_change_reason": null, "history_type": "+", "history_user": null}}, {"model": "tmapp.historicaltask", "pk": 18, "fields": {"id": 18, "name": "123", "content": "ffffffffffffffffffffffffffffffffffffffffffffffff", "is_complete": false, "timestamp_create": "2023-03-16T11:33:25.746Z", "timestamp_done": null, "status": 4, "executor": 1, "project": 1, "sprint": 1, "history_date": "2023-03-16T11:33:25.771Z", "history_change_reason": null, "history_type": "+", "history_user": null}}, {"model": "tmapp.historicaltask", "pk": 19, "fields": {"id": 19, "name": "123", "content": "ffffffffffffffffffffffffffffffffffffffffffffffff", "is_complete": false, "timestamp_create": "2023-03-16T11:34:52.996Z", "timestamp_done": null, "status": 1, "executor": 1, "project": 1, "sprint": 1, "history_date": "2023-03-16T11:34:53.013Z", "history_change_reason": null, "history_type": "+", "history_user": null}}, {"model": "tmapp.historicaltask", "pk": 20, "fields": {"id": 20, "name": "123", "content": "ffffffffffffffffffffffffffffffffffffffffffffffff", "is_complete": false, "timestamp_create": "2023-03-16T11:40:16.287Z", "timestamp_done": null, "status": null, "executor": 1, "project": 1, "sprint": 1, "history_date": "2023-03-16T11:40:16.312Z", "history_change_reason": null, "history_type": "+", "history_user": null}}, {"model": "tmapp.historicaltask", "pk": 21, "fields": {"id": 21, "name": "3213123", "content": "121111", "is_complete": false, "timestamp_create": "2023-03-16T11:50:21.684Z", "timestamp_done": null, "status": 2, "executor": null, "project": null, "sprint": null, "history_date": "2023-03-16T11:50:21.704Z", "history_change_reason": null, "history_type": "+", "history_user": null}}, {"model": "tmapp.historicaltask", "pk": 22, "fields": {"id": 21, "name": "3213123", "content": "121111", "is_complete": false, "timestamp_create": "2023-03-16T11:50:21.684Z", "timestamp_done": null, "status": 1, "executor": null, "project": 1, "sprint": null, "history_date": "2023-03-16T11:51:33.247Z", "history_change_reason": null, "history_type": "~", "history_user": null}}, {"model": "tmapp.historicaltask", "pk": 23, "fields": {"id": 6, "name": "Новая задача", "content": "цукцукцук", "is_complete": false, "timestamp_create": "2023-03-15T09:42:32.548Z", "timestamp_done": null, "status": null, "executor": null, "project": 1, "sprint": 1, "history_date": "2023-03-16T12:12:52.944Z", "history_change_reason": null, "history_type": "~", "history_user": null}}, {"model": "tmapp.historicaltask", "pk": 24, "fields": {"id": 6, "name": "Новая задача", "content": "цукцукцук", "is_complete": false, "timestamp_create": "2023-03-15T09:42:32.548Z", "timestamp_done": null, "status": 1, "executor": 1, "project": 1, "sprint": 1, "history_date": "2023-03-16T12:17:54.080Z", "history_change_reason": null, "history_type": "~", "history_user": null}}, {"model": "tmapp.historicaltask", "pk": 25, "fields": {"id": 6, "name": "Новая задача", "content": "цукцукцук", "is_complete": false, "timestamp_create": "2023-03-15T09:42:32.548Z", "timestamp_done": null, "status": 1, "executor": 2, "project": 1, "sprint": 2, "history_date": "2023-03-16T12:20:43.585Z", "history_change_reason": null, "history_type": "~", "history_user": null}}, {"model": "tmapp.historicaltask", "pk": 26, "fields": {"id": 6, "name": "Новая задача", "content": "цукцукцук", "is_complete": true, "timestamp_create": "2023-03-15T09:42:32.548Z", "timestamp_done": null, "status": 1, "executor": 2, "project": 1, "sprint": 2, "history_date": "2023-03-16T12:24:07.567Z", "history_change_reason": null, "history_type": "~", "history_user": null}}, {"model": "tmapp.historicaltask", "pk": 27, "fields": {"id": 6, "name": "Новая задача", "content": "цукцукцук", "is_complete": true, "timestamp_create": "2023-03-15T09:42:32.548Z", "timestamp_done": null, "status": 1, "executor": 2, "project": 1, "sprint": 1, "history_date": "2023-03-16T12:25:38.042Z", "history_change_reason": null, "history_type": "~", "history_user": null}}, {"model": "tmapp.historicaltask", "pk": 28, "fields": {"id": 6, "name": "Новая задача", "content": "цукцукцук", "is_complete": false, "timestamp_create": "2023-03-15T09:42:32.548Z", "timestamp_done": null, "status": 1, "executor": 2, "project": 1, "sprint": 1, "history_date": "2023-03-16T12:26:48.704Z", "history_change_reason": null, "history_type": "~", "history_user": null}}, {"model": "tmapp.historicaltask", "pk": 29, "fields": {"id": 6, "name": "Новая задача", "content": "цукцукцук", "is_complete": true, "timestamp_create": "2023-03-15T09:42:32.548Z", "timestamp_done": null, "status": 1, "executor": 2, "project": 1, "sprint": 1, "history_date": "2023-03-16T12:38:08.182Z", "history_change_reason": null, "history_type": "~", "history_user": null}}, {"model": "tmapp.historicaltask", "pk": 30, "fields": {"id": 6, "name": "Новая задача", "content": "цукцукцук", "is_complete": false, "timestamp_create": "2023-03-15T09:42:32.548Z", "timestamp_done": null, "status": 1, "executor": 2, "project": 1, "sprint": 1, "history_date": "2023-03-16T12:38:16.540Z", "history_change_reason": null, "history_type": "~", "history_user": null}}, {"model": "tmapp.historicaltask", "pk": 31, "fields": {"id": 6, "name": "Новая задача", "content": "цукцукцук", "is_complete": true, "timestamp_create": "2023-03-15T09:42:32.548Z", "timestamp_done": null, "status": 1, "executor": 2, "project": 1, "sprint": 1, "history_date": "2023-03-16T12:53:48.661Z", "history_change_reason": null, "history_type": "~", "history_user": null}}, {"model": "tmapp.historicaltask", "pk": 32, "fields": {"id": 20, "name": "Помидорная задача", "content": "Купить помидор!", "is_complete": false, "timestamp_create": "2023-03-16T11:40:16.287Z", "timestamp_done": null, "status": null, "executor": 4, "project": 1, "sprint": 1, "history_date": "2023-03-16T12:54:27.601Z", "history_change_reason": null, "history_type": "~", "history_user": null}}, {"model": "tmapp.historicaltask", "pk": 33, "fields": {"id": 20, "name": "Помидорная задача", "content": "Купить помидор!", "is_complete": false, "timestamp_create": "2023-03-16T11:40:16.287Z", "timestamp_done": null, "status": null, "executor": 4, "project": 1, "sprint": 2, "history_date": "2023-03-16T12:54:58.949Z", "history_change_reason": null, "history_type": "~", "history_user": null}}, {"model": "tmapp.historicaltask", "pk": 34, "fields": {"id": 11, "name": "Что-то осмысленное", "content": "А тут много много текста", "is_complete": false, "timestamp_create": "2023-03-16T11:10:51.302Z", "timestamp_done": null, "status": 2, "executor": 2, "project": 1, "sprint": null, "history_date": "2023-03-16T12:56:56.487Z", "history_change_reason": null, "history_type": "~", "history_user": null}}, {"model": "tmapp.historicaltask", "pk": 35, "fields": {"id": 7, "name": "Задача со спринтом", "content": "ЧТо то такое", "is_complete": true, "timestamp_create": "2023-03-16T07:17:31.596Z", "timestamp_done": null, "status": 2, "executor": 2, "project": 1, "sprint": 2, "history_date": "2023-03-16T12:57:32.093Z", "history_change_reason": null, "history_type": "~", "history_user": null}}, {"model": "tmapp.historicaltask", "pk": 36, "fields": {"id": 19, "name": "Проект веб сайта", "content": "Придумать строение моделей", "is_complete": false, "timestamp_create": "2023-03-16T11:34:52.996Z", "timestamp_done": null, "status": 1, "executor": 1, "project": 1, "sprint": 1, "history_date": "2023-03-16T13:05:11.697Z", "history_change_reason": null, "history_type": "~", "history_user": null}}, {"model": "tmapp.historicaltask", "pk": 37, "fields": {"id": 6, "name": "Новая задача", "content": "Да, это не фунт изюму", "is_complete": true, "timestamp_create": "2023-03-15T09:42:32.548Z", "timestamp_done": null, "status": 1, "executor": 2, "project": 1, "sprint": 1, "history_date": "2023-03-16T13:36:35.086Z", "history_change_reason": null, "history_type": "~", "history_user": null}}, {"model": "tmapp.historicaltask", "pk": 38, "fields": {"id": 6, "name": "Новая задача", "content": "Да, это не фунт изюму", "is_complete": false, "timestamp_create": "2023-03-15T09:42:32.548Z", "timestamp_done": null, "status": 1, "executor": 2, "project": 1, "sprint": 1, "history_date": "2023-03-16T13:36:38.847Z", "history_change_reason": null, "history_type": "~", "history_user": null}}, {"model": "tmapp.historicaltask", "pk": 39, "fields": {"id": 6, "name": "Новая задача", "content": "Да, это не фунт изюму", "is_complete": true, "timestamp_create": "2023-03-15T09:42:32.548Z", "timestamp_done": null, "status": 1, "executor": 2, "project": 1, "sprint": 1, "history_date": "2023-03-16T14:42:52.742Z", "history_change_reason": null, "history_type": "~", "history_user": null}}, {"model": "tmapp.historicaltask", "pk": 40, "fields": {"id": 1, "name": "52", "content": "12312\r\n12312\r\n123123123\r\n1231", "is_complete": false, "timestamp_create": "2023-03-14T20:13:18.601Z", "timestamp_done": null, "status": null, "executor": null, "project": null, "sprint": null, "history_date": "2023-03-16T14:59:25.845Z", "history_change_reason": null, "history_type": "~", "history_user": null}}, {"model": "tmapp.historicaltask", "pk": 41, "fields": {"id": 1, "name": "52", "content": "12312\r\n12312\r\n123123123\r\n1231", "is_complete": false, "timestamp_create": "2023-03-14T20:13:18.601Z", "timestamp_done": null, "status": null, "executor": null, "project": null, "sprint": null, "history_date": "2023-03-16T14:59:30.577Z", "history_change_reason": null, "history_type": "~", "history_user": null}}, {"model": "tmapp.historicaltask", "pk": 42, "fields": {"id": 19, "name": "Проект веб сайта", "content": "Придумать строение моделей\r\n\r\nasdf\r\n\r\nasdf", "is_complete": false, "timestamp_create": "2023-03-16T11:34:52.996Z", "timestamp_done": null, "status": 1, "executor": 1, "project": 1, "sprint": 1, "history_date": "2023-03-16T16:49:17.944Z", "history_change_reason": null, "history_type": "~", "history_user": null}}, {"model": "tmapp.historicaltask", "pk": 43, "fields": {"id": 19, "name": "Проект веб сайта", "content": "Придумать строение моделей\r\n\r\nasdf\r\n\r\nasdf", "is_complete": false, "timestamp_create": "2023-03-16T11:34:52.996Z", "timestamp_done": null, "status": 1, "executor": 1, "project": 1, "sprint": 1, "history_date": "2023-03-16T16:50:23.185Z", "history_change_reason": null, "history_type": "~", "history_user": null}}, {"model": "tmapp.historicaltask", "pk": 44, "fields": {"id": 19, "name": "Проект веб сайта", "content": "Придумать строение моделей\r\n* фывжад\r\n* фжыдлв\r\n*", "is_complete": false, "timestamp_create": "2023-03-16T11:34:52.996Z", "timestamp_done": null, "status": 1, "executor": 1, "project": 1, "sprint": 1, "history_date": "2023-03-16T16:51:09.978Z", "history_change_reason": null, "history_type": "~", "history_user": null}}, {"model": "tmapp.historicaltask", "pk": 45, "fields": {"id": 22, "name": "Исправить багу", "content": "Исправить багу в программе", "is_complete": false, "timestamp_create": "2023-03-16T16:51:54.744Z", "timestamp_done": null, "status": 1, "executor": 1, "project": 1, "sprint": 1, "history_date": "2023-03-16T16:51:55.246Z", "history_change_reason": null, "history_type": "+", "history_user": null}}, {"model": "tmapp.historicaltask", "pk": 46, "fields": {"id": 22, "name": "Исправить багу", "content": "Исправить багу в программе", "is_complete": false, "timestamp_create": "2023-03-16T16:51:54.744Z", "timestamp_done": null, "status": 1, "executor": 1, "project": 1, "sprint": 1, "history_date": "2023-03-16T16:52:17.157Z", "history_change_reason": null, "history_type": "~", "history_user": null}}, {"model": "tmapp.historicaltask", "pk": 47, "fields": {"id": 22, "name": "Исправить багу", "content": "Исправить багу в программе", "is_complete": false, "timestamp_create": "2023-03-16T16:51:54.744Z", "timestamp_done": null, "status": 1, "executor": 1, "project": null, "sprint": 1, "history_date": "2023-03-16T16:52:23.742Z", "history_change_reason": null, "history_type": "~", "history_user": null}}, {"model": "tmapp.historicaltask", "pk": 48, "fields": {"id": 7, "name": "Задача со спринтом", "content": "ЧТо то такое", "is_complete": false, "timestamp_create": "2023-03-16T07:17:31.596Z", "timestamp_done": null, "status": 2, "executor": 2, "project": 1, "sprint": 2, "history_date": "2023-03-16T16:52:45.013Z", "history_change_reason": null, "history_type": "~", "history_user": null}}, {"model": "tmapp.historicaltask", "pk": 49, "fields": {"id": 7, "name": "Задача со спринтом", "content": "ЧТо то такое", "is_complete": true, "timestamp_create": "2023-03-16T07:17:31.596Z", "timestamp_done": null, "status": 2, "executor": 2, "project": 1, "sprint": 2, "history_date": "2023-03-16T16:52:49.262Z", "history_change_reason": null, "history_type": "~", "history_user": null}}, {"model": "tmapp.historicaltask", "pk": 50, "fields": {"id": 7, "name": "Задача со спринтом", "content": "ЧТо то такое", "is_complete": true, "timestamp_create": "2023-03-16T07:17:31.596Z", "timestamp_done": null, "status": 2, "executor": 1, "project": 1, "sprint": 2, "history_date": "2023-03-16T16:52:53.588Z", "history_change_reason": null, "history_type": "~", "history_user": null}}, {"model": "tmapp.historicaltask", "pk": 51, "fields": {"id": 23, "name": "Тест ДРФ", "content": "Что-то тут написано", "is_complete": false, "timestamp_create": "2023-03-16T20:06:56.239Z", "timestamp_done": null, "status": null, "executor": null, "project": null, "sprint": null, "history_date": "2023-03-16T20:06:56.785Z", "history_change_reason": null, "history_type": "+", "history_user": null}}, {"model": "tmapp.historicaltask", "pk": 52, "fields": {"id": 23, "name": "Тест ДРФ", "content": "Что-то тут написано", "is_complete": false, "timestamp_create": "2023-03-16T20:06:56.239Z", "timestamp_done": null, "status": 2, "executor": null, "project": null, "sprint": null, "history_date": "2023-03-16T20:07:21.709Z", "history_change_reason": null, "history_type": "~", "history_user": null}}, {"model": "tmapp.historicaltask", "pk": 53, "fields": {"id": 12, "name": "321", "content": "123", "is_complete": false, "timestamp_create": "2023-03-16T11:12:28.623Z", "timestamp_done": null, "status": null, "executor": null, "project": null, "sprint": null, "history_date": "2023-03-16T21:13:57.841Z", "history_change_reason": null, "history_type": "-", "history_user": null}}, {"model": "tmapp.historicaltask", "pk": 54, "fields": {"id": 13, "name": "321", "content": "123edit", "is_complete": false, "timestamp_create": "2023-03-16T11:13:48.698Z", "timestamp_done": null, "status": null, "executor": null, "project": null, "sprint": null, "history_date": "2023-03-16T21:14:03.064Z", "history_change_reason": null, "history_type": "-", "history_user": null}}, {"model": "tmapp.historicaltask", "pk": 55, "fields": {"id": 14, "name": "321", "content": "123edit111", "is_complete": false, "timestamp_create": "2023-03-16T11:21:46.725Z", "timestamp_done": null, "status": null, "executor": null, "project": null, "sprint": null, "history_date": "2023-03-16T21:14:06.112Z", "history_change_reason": null, "history_type": "-", "history_user": null}}, {"model": "tmapp.historicaltask", "pk": 56, "fields": {"id": 16, "name": "123", "content": "321123", "is_complete": false, "timestamp_create": "2023-03-16T11:24:05.344Z", "timestamp_done": null, "status": null, "executor": null, "project": null, "sprint": null, "history_date": "2023-03-16T21:14:37.427Z", "history_change_reason": null, "history_type": "-", "history_user": null}}, {"model": "tmapp.historicaltask", "pk": 57, "fields": {"id": 17, "name": "123", "content": "ffffffffffffffffffffffffffffffffffffffffffffffff", "is_complete": false, "timestamp_create": "2023-03-16T11:30:00.723Z", "timestamp_done": null, "status": null, "executor": null, "project": null, "sprint": null, "history_date": "2023-03-16T21:14:45.960Z", "history_change_reason": null, "history_type": "-", "history_user": null}}, {"model": "tmapp.historicaltask", "pk": 58, "fields": {"id": 18, "name": "123", "content": "ffffffffffffffffffffffffffffffffffffffffffffffff", "is_complete": false, "timestamp_create": "2023-03-16T11:33:25.746Z", "timestamp_done": null, "status": 4, "executor": 1, "project": 1, "sprint": 1, "history_date": "2023-03-16T21:14:50.955Z", "history_change_reason": null, "history_type": "-", "history_user": null}}, {"model": "tmapp.historicaltask", "pk": 59, "fields": {"id": 24, "name": "Тест ДРФ", "content": "Что-то тут написано", "is_complete": false, "timestamp_create": "2023-03-16T21:16:42.668Z", "timestamp_done": null, "status": 2, "executor": null, "project": null, "sprint": null, "history_date": "2023-03-16T21:16:43.194Z", "history_change_reason": null, "history_type": "+", "history_user": null}}, {"model": "tmapp.historicaltask", "pk": 60, "fields": {"id": 25, "name": "Тест ДРФ 12", "content": "Что-то тут написано", "is_complete": true, "timestamp_create": "2023-03-16T21:17:04.555Z", "timestamp_done": null, "status": 3, "executor": null, "project": null, "sprint": null, "history_date": "2023-03-16T21:17:04.672Z", "history_change_reason": null, "history_type": "+", "history_user": null}}, {"model": "tmapp.historicaltask", "pk": 61, "fields": {"id": 25, "name": "Тест ДРФ 12", "content": "Что-то тут написано", "is_complete": true, "timestamp_create": "2023-03-16T21:17:04.555Z", "timestamp_done": null, "status": 3, "executor": null, "project": null, "sprint": null, "history_date": "2023-03-17T09:07:56.945Z", "history_change_reason": null, "history_type": "-", "history_user": null}}, {"model": "tmapp.historicaltask", "pk": 62, "fields": {"id": 21, "name": "Внятное название", "content": "121111", "is_complete": false, "timestamp_create": "2023-03-16T11:50:21.684Z", "timestamp_done": null, "status": 1, "executor": null, "project": 1, "sprint": null, "history_date": "2023-03-17T13:39:10.631Z", "history_change_reason": null, "history_type": "~", "history_user": null}}, {"model": "tmapp.historicaltask", "pk": 63, "fields": {"id": 19, "name": "Проект веб сайта", "content": "Придумать строение моделей\r\n* фывжад\r\n* фжыдлв\r\n*", "is_complete": true, "timestamp_create": "2023-03-16T11:34:52.996Z", "timestamp_done": "2023-03-17T13:39:45.710Z", "status": 1, "executor": 1, "project": 1, "sprint": 1, "history_date": "2023-03-17T13:39:45.733Z", "history_change_reason": null, "history_type": "~", "history_user": null}}, {"model": "tmapp.historicaltask", "pk": 64, "fields": {"id": 20, "name": "Помидодорная задача", "content": "Уже не важно", "is_complete": true, "timestamp_create": "2023-03-16T11:40:16.287Z", "timestamp_done": "2023-03-17T13:46:18.324Z", "status": null, "executor": 4, "project": 1, "sprint": 2, "history_date": "2023-03-17T13:46:18.376Z", "history_change_reason": null, "history_type": "~", "history_user": null}}, {"model": "tmapp.historicaltask", "pk": 65, "fields": {"id": 7, "name": "Задача со спринтом", "content": "ЧТо то такое", "is_complete": false, "timestamp_create": "2023-03-16T07:17:31.596Z", "timestamp_done": null, "status": 2, "executor": 1, "project": 1, "sprint": 2, "history_date": "2023-03-17T13:46:51.774Z", "history_change_reason": null, "history_type": "~", "history_user": 3}}, {"model": "tmapp.historicaltask", "pk": 66, "fields": {"id": 6, "name": "Новая задача", "content": "Да, это не фунт изюму", "is_complete": false, "timestamp_create": "2023-03-15T09:42:32.548Z", "timestamp_done": null, "status": 1, "executor": 2, "project": 1, "sprint": 1, "history_date": "2023-03-17T13:47:03.354Z", "history_change_reason": null, "history_type": "~", "history_user": 3}}, {"model": "tmapp.historicaltask", "pk": 67, "fields": {"id": 8, "name": "321", "content": "123", "is_complete": true, "timestamp_create": "2023-03-16T11:10:17.566Z", "timestamp_done": "2023-03-17T13:47:16.915Z", "status": 2, "executor": 2, "project": null, "sprint": null, "history_date": "2023-03-17T13:47:16.925Z", "history_change_reason": null, "history_type": "~", "history_user": 3}}, {"model": "tmapp.historicaltask", "pk": 68, "fields": {"id": 4, "name": "Новая задача", "content": "Xnj", "is_complete": false, "timestamp_create": "2023-03-15T09:27:17.130Z", "timestamp_done": null, "status": 3, "executor": 1, "project": 1, "sprint": 2, "history_date": "2023-03-17T13:50:31.615Z", "history_change_reason": null, "history_type": "~", "history_user": null}}, {"model": "tmapp.historicaltask", "pk": 69, "fields": {"id": 9, "name": "321", "content": "123", "is_complete": false, "timestamp_create": "2023-03-16T11:10:29.962Z", "timestamp_done": null, "status": 2, "executor": 2, "project": null, "sprint": null, "history_date": "2023-03-17T15:07:49.970Z", "history_change_reason": null, "history_type": "-", "history_user": null}}, {"model": "tmapp.historicaltask", "pk": 70, "fields": {"id": 8, "name": "321", "content": "123", "is_complete": true, "timestamp_create": "2023-03-16T11:10:17.566Z", "timestamp_done": "2023-03-17T13:47:16.915Z", "status": 2, "executor": 2, "project": null, "sprint": null, "history_date": "2023-03-17T15:14:16.221Z", "history_change_reason": null, "history_type": "~", "history_user": null}}, {"model": "tmapp.historicaltask", "pk": 71, "fields": {"id": 8, "name": "321", "content": "123", "is_complete": true, "timestamp_create": "2023-03-16T11:10:17.566Z", "timestamp_done": "2023-03-17T13:47:16.915Z", "status": 2, "executor": 2, "project": null, "sprint": null, "history_date": "2023-03-17T15:23:17.614Z", "history_change_reason": null, "history_type": "~", "history_user": null}}, {"model": "tmapp.historicaltask", "pk": 72, "fields": {"id": 8, "name": "321", "content": "123", "is_complete": true, "timestamp_create": "2023-03-16T11:10:17.566Z", "timestamp_done": "2023-03-17T13:47:16.915Z", "status": 2, "executor": 2, "project": null, "sprint": null, "history_date": "2023-03-17T15:23:44.191Z", "history_change_reason": null, "history_type": "~", "history_user": null}}, {"model": "tmapp.historicaltask", "pk": 73, "fields": {"id": 8, "name": "321", "content": "123", "is_complete": true, "timestamp_create": "2023-03-16T11:10:17.566Z", "timestamp_done": "2023-03-17T13:47:16.915Z", "status": 2, "executor": 2, "project": null, "sprint": null, "history_date": "2023-03-17T15:25:04.883Z", "history_change_reason": null, "history_type": "~", "history_user": null}}, {"model": "tmapp.historicaltask", "pk": 74, "fields": {"id": 8, "name": "321", "content": "123", "is_complete": true, "timestamp_create": "2023-03-16T11:10:17.566Z", "timestamp_done": "2023-03-17T13:47:16.915Z", "status": 2, "executor": 2, "project": null, "sprint": null, "history_date": "2023-03-17T15:25:56.629Z", "history_change_reason": null, "history_type": "~", "history_user": null}}, {"model": "tmapp.historicaltask", "pk": 75, "fields": {"id": 8, "name": "321", "content": "123", "is_complete": true, "timestamp_create": "2023-03-16T11:10:17.566Z", "timestamp_done": "2023-03-17T13:47:16.915Z", "status": 2, "executor": 2, "project": null, "sprint": null, "history_date": "2023-03-17T15:28:28.635Z", "history_change_reason": null, "history_type": "~", "history_user": null}}, {"model": "tmapp.historicaltask", "pk": 76, "fields": {"id": 8, "name": "321", "content": "123", "is_complete": true, "timestamp_create": "2023-03-16T11:10:17.566Z", "timestamp_done": "2023-03-17T13:47:16.915Z", "status": 2, "executor": 2, "project": null, "sprint": null, "history_date": "2023-03-17T15:28:50.383Z", "history_change_reason": null, "history_type": "~", "history_user": null}}, {"model": "tmapp.historicaltask", "pk": 77, "fields": {"id": 8, "name": "321", "content": "123", "is_complete": true, "timestamp_create": "2023-03-16T11:10:17.566Z", "timestamp_done": "2023-03-17T13:47:16.915Z", "status": 2, "executor": 3, "project": null, "sprint": null, "history_date": "2023-03-17T15:28:59.951Z", "history_change_reason": null, "history_type": "~", "history_user": null}}, {"model": "tmapp.historicaltask", "pk": 78, "fields": {"id": 24, "name": "Тест ДРФ", "content": "Что-то тут написано", "is_complete": false, "timestamp_create": "2023-03-16T21:16:42.668Z", "timestamp_done": null, "status": 2, "executor": null, "project": null, "sprint": null, "history_date": "2023-03-17T18:36:19.132Z", "history_change_reason": null, "history_type": "~", "history_user": null}}, {"model": "tmapp.historicaltask", "pk": 79, "fields": {"id": 24, "name": "Тест ДРФ", "content": "Что-то тут написано", "is_complete": true, "timestamp_create": "2023-03-16T21:16:42.668Z", "timestamp_done": "2023-03-17T18:36:41.346Z", "status": 2, "executor": null, "project": null, "sprint": null, "history_date": "2023-03-17T18:36:41.468Z", "history_change_reason": null, "history_type": "~", "history_user": null}}, {"model": "tmapp.historicaltask", "pk": 80, "fields": {"id": 24, "name": "Тест ДРФ", "content": "Что-то тут написано", "is_complete": false, "timestamp_create": "2023-03-16T21:16:42.668Z", "timestamp_done": null, "status": 2, "executor": null, "project": null, "sprint": null, "history_date": "2023-03-17T18:36:48.586Z", "history_change_reason": null, "history_type": "~", "history_user": null}}, {"model": "tmapp.historicaltask", "pk": 81, "fields": {"id": 3, "name": "Многострочно", "content": "Много\r\nмного\r\nмного\r\nмного \r\nстрок", "is_complete": false, "timestamp_create": "2023-03-14T20:14:20.900Z", "timestamp_done": null, "status": null, "executor": 4, "project": null, "sprint": null, "history_date": "2023-03-17T18:38:37.015Z", "history_change_reason": null, "history_type": "~", "history_user": null}}, {"model": "tmapp.historicaltask", "pk": 82, "fields": {"id": 3, "name": "Многострочно", "content": "Много\r\nмного\r\nмного\r\nмного \r\nстрок", "is_complete": false, "timestamp_create": "2023-03-14T20:14:20.900Z", "timestamp_done": null, "status": null, "executor": 4, "project": null, "sprint": null, "history_date": "2023-03-17T18:54:31.038Z", "history_change_reason": null, "history_type": "~", "history_user": null}}, {"model": "tmapp.historicaltask", "pk": 83, "fields": {"id": 3, "name": "Многострочно", "content": "Много\r\nмного\r\nмного\r\nмного \r\nстрок", "is_complete": false, "timestamp_create": "2023-03-14T20:14:20.900Z", "timestamp_done": null, "status": null, "executor": 4, "project": null, "sprint": null, "history_date": "2023-03-17T18:56:01.512Z", "history_change_reason": null, "history_type": "~", "history_user": null}}, {"model": "tmapp.historicaltask", "pk": 84, "fields": {"id": 2, "name": "23321", "content": "12312312", "is_complete": false, "timestamp_create": "2023-03-14T20:13:35.370Z", "timestamp_done": null, "status": null, "executor": 1, "project": null, "sprint": null, "history_date": "2023-03-17T18:57:30.563Z", "history_change_reason": null, "history_type": "~", "history_user": null}}, {"model": "tmapp.historicaltask", "pk": 85, "fields": {"id": 2, "name": "23321", "content": "12312312", "is_complete": false, "timestamp_create": "2023-03-14T20:13:35.370Z", "timestamp_done": null, "status": null, "executor": 1, "project": null, "sprint": null, "history_date": "2023-03-17T18:57:34.905Z", "history_change_reason": null, "history_type": "~", "history_user": null}}, {"model": "tmapp.historicaltask", "pk": 86, "fields": {"id": 2, "name": "23321", "content": "12312312", "is_complete": false, "timestamp_create": "2023-03-14T20:13:35.370Z", "timestamp_done": null, "status": null, "executor": 1, "project": null, "sprint": null, "history_date": "2023-03-17T18:57:41.275Z", "history_change_reason": null, "history_type": "~", "history_user": null}}, {"model": "tmapp.historicaltask", "pk": 87, "fields": {"id": 2, "name": "23321", "content": "12312312", "is_complete": false, "timestamp_create": "2023-03-14T20:13:35.370Z", "timestamp_done": null, "status": null, "executor": 1, "project": null, "sprint": null, "history_date": "2023-03-17T18:57:43.998Z", "history_change_reason": null, "history_type": "~", "history_user": null}}, {"model": "tmapp.historicaltask", "pk": 88, "fields": {"id": 8, "name": "321", "content": "123", "is_complete": true, "timestamp_create": "2023-03-16T11:10:17.566Z", "timestamp_done": "2023-03-17T13:47:16.915Z", "status": 2, "executor": 3, "project": null, "sprint": null, "history_date": "2023-03-17T19:29:22.781Z", "history_change_reason": null, "history_type": "-", "history_user": null}}, {"model": "tmapp.historicaltask", "pk": 89, "fields": {"id": 10, "name": "321", "content": "123", "is_complete": false, "timestamp_create": "2023-03-16T11:10:36.865Z", "timestamp_done": null, "status": 2, "executor": 3, "project": null, "sprint": null, "history_date": "2023-03-17T19:29:27.284Z", "history_change_reason": null, "history_type": "-", "history_user": null}}, {"model": "tmapp.historicaltask", "pk": 90, "fields": {"id": 1, "name": "52", "content": "12312\r\n12312\r\n123123123\r\n1231", "is_complete": false, "timestamp_create": "2023-03-14T20:13:18.601Z", "timestamp_done": null, "status": null, "executor": null, "project": null, "sprint": null, "history_date": "2023-03-17T19:29:32.166Z", "history_change_reason": null, "history_type": "-", "history_user": null}}, {"model": "tmapp.historicaltask", "pk": 91, "fields": {"id": 15, "name": "123", "content": "321", "is_complete": false, "timestamp_create": "2023-03-16T11:23:54.006Z", "timestamp_done": null, "status": null, "executor": null, "project": null, "sprint": null, "history_date": "2023-03-17T19:29:40.716Z", "history_change_reason": null, "history_type": "-", "history_user": null}}, {"model": "tmapp.historicaltask", "pk": 92, "fields": {"id": 2, "name": "23321", "content": "12312312", "is_complete": false, "timestamp_create": "2023-03-14T20:13:35.370Z", "timestamp_done": null, "status": null, "executor": 1, "project": null, "sprint": null, "history_date": "2023-03-17T19:29:45.911Z", "history_change_reason": null, "history_type": "-", "history_user": null}}, {"model": "tmapp.historicaltask", "pk": 93, "fields": {"id": 19, "name": "Проект веб сайта", "content": "Придумать строение моделей\r\n* фывжад\r\n* фжыдлв\r\n*", "is_complete": true, "timestamp_create": "2023-03-16T11:34:52.996Z", "timestamp_done": "2023-03-17T13:39:45.710Z", "status": 1, "executor": 1, "project": 1, "sprint": 3, "history_date": "2023-03-17T19:34:10.434Z", "history_change_reason": null, "history_type": "~", "history_user": null}}, {"model": "tmapp.historicaltask", "pk": 94, "fields": {"id": 5, "name": "Ещё одна задача", "content": "Тут будет задача для админа", "is_complete": false, "timestamp_create": "2023-03-15T09:31:22.048Z", "timestamp_done": null, "status": 3, "executor": 3, "project": 1, "sprint": 3, "history_date": "2023-03-17T19:34:52.739Z", "history_change_reason": null, "history_type": "~", "history_user": null}}, {"model": "tmapp.historicaltask", "pk": 95, "fields": {"id": 24, "name": "Тест ДРФ", "content": "Что-то тут написано", "is_complete": false, "timestamp_create": "2023-03-16T21:16:42.668Z", "timestamp_done": null, "status": 2, "executor": 2, "project": null, "sprint": null, "history_date": "2023-03-17T19:35:49.144Z", "history_change_reason": null, "history_type": "~", "history_user": null}}, {"model": "tmapp.historicaltask", "pk": 96, "fields": {"id": 24, "name": "Тест ДРФ", "content": "Что-то тут написано", "is_complete": true, "timestamp_create": "2023-03-16T21:16:42.668Z", "timestamp_done": "2023-03-17T19:38:46.202Z", "status": 2, "executor": 2, "project": null, "sprint": null, "history_date": "2023-03-17T19:38:46.332Z", "history_change_reason": null, "history_type": "~", "history_user": null}}, {"model": "tmapp.historicaltask", "pk": 97, "fields": {"id": 4, "name": "Новая задача", "content": "Исправить багу\r\nНо сначала багу найти\r\nИбо как исправлять багу, которая не найдена?", "is_complete": false, "timestamp_create": "2023-03-15T09:27:17.130Z", "timestamp_done": null, "status": 3, "executor": 1, "project": 1, "sprint": 2, "history_date": "2023-03-17T19:39:39.672Z", "history_change_reason": null, "history_type": "~", "history_user": null}}, {"model": "tmapp.historicaltask", "pk": 98, "fields": {"id": 4, "name": "BugFix", "content": "Исправить багу\r\nНо сначала багу найти\r\nИбо как исправлять багу, которая не найдена?", "is_complete": false, "timestamp_create": "2023-03-15T09:27:17.130Z", "timestamp_done": null, "status": 3, "executor": 1, "project": 1, "sprint": 2, "history_date": "2023-03-17T19:40:03.972Z", "history_change_reason": null, "history_type": "~", "history_user": null}}, {"model": "tmapp.historicaltask", "pk": 99, "fields": {"id": 26, "name": "Тест", "content": "Статус", "is_complete": false, "timestamp_create": "2023-03-17T19:55:02.896Z", "timestamp_done": null, "status": 5, "executor": null, "project": null, "sprint": null, "history_date": "2023-03-17T19:55:03.026Z", "history_change_reason": null, "history_type": "+", "history_user": null}}, {"model": "tmapp.historicaltask", "pk": 100, "fields": {"id": 26, "name": "Тест", "content": "Статус", "is_complete": false, "timestamp_create": "2023-03-17T19:55:02.896Z", "timestamp_done": null, "status": 1, "executor": null, "project": null, "sprint": null, "history_date": "2023-03-17T19:55:09.026Z", "history_change_reason": null, "history_type": "~", "history_user": null}}, {"model": "tmapp.historicaltask", "pk": 101, "fields": {"id": 26, "name": "Тест", "content": "Статус", "is_complete": false, "timestamp_create": "2023-03-17T19:55:02.896Z", "timestamp_done": null, "status": null, "executor": null, "project": null, "sprint": null, "history_date": "2023-03-17T19:56:07.885Z", "history_change_reason": null, "history_type": "~", "history_user": null}}, {"model": "tmapp.historicaltask", "pk": 102, "fields": {"id": 26, "name": "Тест", "content": "Статус", "is_complete": false, "timestamp_create": "2023-03-17T19:55:02.896Z", "timestamp_done": null, "status": null, "executor": null, "project": null, "sprint": null, "history_date": "2023-03-17T19:56:15.225Z", "history_change_reason": null, "history_type": "~", "history_user": null}}, {"model": "tmapp.historicaltask", "pk": 103, "fields": {"id": 26, "name": "Тест", "content": "Статус", "is_complete": false, "timestamp_create": "2023-03-17T19:55:02.896Z", "timestamp_done": null, "status": null, "executor": null, "project": null, "sprint": null, "history_date": "2023-03-17T20:05:08.470Z", "history_change_reason": null, "history_type": "~", "history_user": null}}, {"model": "tmapp.historicaltask", "pk": 104, "fields": {"id": 26, "name": "Тест", "content": "Статус", "is_complete": false, "timestamp_create": "2023-03-17T19:55:02.896Z", "timestamp_done": null, "status": null, "executor": null, "project": null, "sprint": null, "history_date": "2023-03-17T20:37:14.116Z", "history_change_reason": null, "history_type": "~", "history_user": null}}, {"model": "tmapp.historicaltask", "pk": 105, "fields": {"id": 24, "name": "Тест ДРФ", "content": "Что-то тут написано", "is_complete": true, "timestamp_create": "2023-03-16T21:16:42.668Z", "timestamp_done": "2023-03-17T19:38:46.202Z", "status": 2, "executor": 2, "project": null, "sprint": null, "history_date": "2023-03-17T20:57:13.778Z", "history_change_reason": null, "history_type": "-", "history_user": null}}, {"model": "tmapp.historicaltask", "pk": 106, "fields": {"id": 26, "name": "Тест", "content": "Статус", "is_complete": false, "timestamp_create": "2023-03-17T19:55:02.896Z", "timestamp_done": null, "status": null, "executor": null, "project": null, "sprint": null, "history_date": "2023-03-17T20:57:27.761Z", "history_change_reason": null, "history_type": "-", "history_user": null}}, {"model": "tmapp.historicaltask", "pk": 107, "fields": {"id": 3, "name": "Многострочно", "content": "Много\r\nмного\r\nмного\r\nмного \r\nстрок", "is_complete": false, "timestamp_create": "2023-03-14T20:14:20.900Z", "timestamp_done": null, "status": null, "executor": 3, "project": null, "sprint": null, "history_date": "2023-03-17T20:57:58.509Z", "history_change_reason": null, "history_type": "~", "history_user": null}}, {"model": "tmapp.historicaltask", "pk": 108, "fields": {"id": 20, "name": "Помидодорная задача", "content": "Уже не важно", "is_complete": true, "timestamp_create": "2023-03-16T11:40:16.287Z", "timestamp_done": "2023-03-17T13:46:18.324Z", "status": null, "executor": 4, "project": 1, "sprint": 2, "history_date": "2023-03-18T06:33:41.209Z", "history_change_reason": null, "history_type": "~", "history_user": null}}, {"model": "tmapp.historicaltask", "pk": 109, "fields": {"id": 20, "name": "Помидодорная задача", "content": "Уже не важно", "is_complete": false, "timestamp_create": "2023-03-16T11:40:16.287Z", "timestamp_done": null, "status": null, "executor": 4, "project": 1, "sprint": 2, "history_date": "2023-03-18T06:33:44.789Z", "history_change_reason": null, "history_type": "~", "history_user": null}}, {"model": "tmapp.historicaltask", "pk": 110, "fields": {"id": 20, "name": "Помидодорная задача", "content": "Уже не важно", "is_complete": true, "timestamp_create": "2023-03-16T11:40:16.287Z", "timestamp_done": "2023-03-18T06:33:47.764Z", "status": null, "executor": 4, "project": 1, "sprint": 2, "history_date": "2023-03-18T06:33:47.869Z", "history_change_reason": null, "history_type": "~", "history_user": null}}, {"model": "tmapp.historicaltask", "pk": 111, "fields": {"id": 23, "name": "Тест ДРФ", "content": "Что-то тут написано", "is_complete": true, "timestamp_create": "2023-03-16T20:06:56.239Z", "timestamp_done": "2023-03-18T06:46:22.793Z", "status": null, "executor": null, "project": null, "sprint": null, "history_date": "2023-03-18T06:46:22.923Z", "history_change_reason": null, "history_type": "~", "history_user": null}}, {"model": "tmapp.historicaltask", "pk": 112, "fields": {"id": 21, "name": "Внятное название", "content": "Текст, да ещё и пункты:\r\n* Пункт один\r\n* Пункт два\r\n* И даже три", "is_complete": false, "timestamp_create": "2023-03-16T11:50:21.684Z", "timestamp_done": null, "status": 1, "executor": null, "project": 1, "sprint": null, "history_date": "2023-03-18T06:46:58.153Z", "history_change_reason": null, "history_type": "~", "history_user": null}}, {"model": "tmapp.historicaltask", "pk": 113, "fields": {"id": 21, "name": "Внятное название", "content": "Текст, да ещё и пункты:\r\n* Пункт один\r\n* Пункт два\r\n* И даже три", "is_complete": false, "timestamp_create": "2023-03-16T11:50:21.684Z", "timestamp_done": null, "status": 1, "executor": null, "project": 1, "sprint": null, "history_date": "2023-03-18T06:47:16.422Z", "history_change_reason": null, "history_type": "~", "history_user": null}}, {"model": "tmapp.historicaltask", "pk": 114, "fields": {"id": 5, "name": "Ещё одна задача", "content": "Тут будет задача для админа", "is_complete": false, "timestamp_create": "2023-03-15T09:31:22.048Z", "timestamp_done": null, "status": 1, "executor": 3, "project": 1, "sprint": 3, "history_date": "2023-03-18T06:47:59.412Z", "history_change_reason": null, "history_type": "~", "history_user": null}}, {"model": "tmapp.historicaltask", "pk": 115, "fields": {"id": 5, "name": "Ещё одна задача", "content": "Тут будет задача для админа", "is_complete": false, "timestamp_create": "2023-03-15T09:31:22.048Z", "timestamp_done": null, "status": 1, "executor": 3, "project": 2, "sprint": 3, "history_date": "2023-03-18T06:48:49.162Z", "history_change_reason": null, "history_type": "~", "history_user": null}}, {"model": "tmapp.historicaltask", "pk": 116, "fields": {"id": 21, "name": "Внятное название", "content": "Текст, да ещё и пункты:\r\n* Пункт один\r\n* Пункт два\r\n* И даже три", "is_complete": false, "timestamp_create": "2023-03-16T11:50:21.684Z", "timestamp_done": null, "status": 1, "executor": 3, "project": 1, "sprint": null, "history_date": "2023-03-18T08:20:15.049Z", "history_change_reason": null, "history_type": "~", "history_user": null}}, {"model": "tmapp.historicaltask", "pk": 117, "fields": {"id": 4, "name": "BugFix", "content": "Исправить багу\r\nНо сначала багу найти\r\nИбо как исправлять багу, которая не найдена?", "is_complete": false, "timestamp_create": "2023-03-15T09:27:17.130Z", "timestamp_done": null, "status": 1, "executor": 1, "project": 1, "sprint": 2, "history_date": "2023-03-18T08:21:01.138Z", "history_change_reason": null, "history_type": "~", "history_user": null}}, {"model": "tmapp.historicaltask", "pk": 118, "fields": {"id": 6, "name": "Новая задача", "content": "Да, это не фунт изюму", "is_complete": false, "timestamp_create": "2023-03-15T09:42:32.548Z", "timestamp_done": null, "status": 1, "executor": 2, "project": 1, "sprint": 4, "history_date": "2023-03-18T08:43:57.601Z", "history_change_reason": null, "history_type": "~", "history_user": null}}, {"model": "tmapp.historicaltask", "pk": 119, "fields": {"id": 6, "name": "Новая задача", "content": "Да, это не фунт изюму", "is_complete": true, "timestamp_create": "2023-03-15T09:42:32.548Z", "timestamp_done": "2023-03-18T08:56:51.977Z", "status": 1, "executor": 2, "project": 1, "sprint": 4, "history_date": "2023-03-18T08:56:52.524Z", "history_change_reason": null, "history_type": "~", "history_user": null}}, {"model": "tmapp.historicaltask", "pk": 120, "fields": {"id": 21, "name": "Внятное название", "content": "Текст, да ещё и пункты:\r\n* Пункт один\r\n* Пункт два\r\n* И даже три", "is_complete": false, "timestamp_create": "2023-03-16T11:50:21.684Z", "timestamp_done": null, "status": 1, "executor": 3, "project": 1, "sprint": 4, "history_date": "2023-03-18T08:57:07.362Z", "history_change_reason": null, "history_type": "~", "history_user": null}}, {"model": "tmapp.historicaltask", "pk": 121, "fields": {"id": 22, "name": "Исправить багу", "content": "Исправить багу в программе", "is_complete": false, "timestamp_create": "2023-03-16T16:51:54.744Z", "timestamp_done": null, "status": 1, "executor": 1, "project": 1, "sprint": 1, "history_date": "2023-03-18T09:16:16.380Z", "history_change_reason": null, "history_type": "~", "history_user": null}}, {"model": "tmapp.historicaltask", "pk": 122, "fields": {"id": 22, "name": "Исправить багу", "content": "Исправить багу в программе", "is_complete": true, "timestamp_create": "2023-03-16T16:51:54.744Z", "timestamp_done": "2023-03-18T09:16:28.756Z", "status": 1, "executor": 1, "project": 1, "sprint": 1, "history_date": "2023-03-18T09:16:28.871Z", "history_change_reason": null, "history_type": "~", "history_user": null}}, {"model": "tmapp.historicaltask", "pk": 123, "fields": {"id": 3, "name": "Многострочно", "content": "Много\r\nмного\r\nмного\r\nмного \r\nстрок", "is_complete": true, "timestamp_create": "2023-03-14T20:14:20.900Z", "timestamp_done": "2023-03-18T09:31:01.302Z", "status": null, "executor": 3, "project": null, "sprint": null, "history_date": "2023-03-18T09:31:01.463Z", "history_change_reason": null, "history_type": "~", "history_user": null}}, {"model": "tmapp.historicaltask", "pk": 124, "fields": {"id": 3, "name": "Многострочно", "content": "Много\r\nмного\r\nмного\r\nмного \r\nстрок", "is_complete": false, "timestamp_create": "2023-03-14T20:14:20.900Z", "timestamp_done": null, "status": null, "executor": 3, "project": null, "sprint": null, "history_date": "2023-03-18T09:31:28.046Z", "history_change_reason": null, "history_type": "~", "history_user": null}}, {"model": "tmapp.historicaltask", "pk": 125, "fields": {"id": 3, "name": "Многострочно", "content": "Много\r\nмного\r\nмного\r\nмного \r\nстрок", "is_complete": false, "timestamp_create": "2023-03-14T20:14:20.900Z", "timestamp_done": null, "status": null, "executor": null, "project": null, "sprint": null, "history_date": "2023-03-18T09:32:16.607Z", "history_change_reason": null, "history_type": "~", "history_user": null}}, {"model": "tmapp.historicaltask", "pk": 126, "fields": {"id": 22, "name": "Исправить багу", "content": "Исправить багу в программе", "is_complete": true, "timestamp_create": "2023-03-16T16:51:54.744Z", "timestamp_done": "2023-03-18T09:16:28.756Z", "status": 1, "executor": 1, "project": 2, "sprint": 1, "history_date": "2023-03-18T10:47:44.933Z", "history_change_reason": null, "history_type": "~", "history_user": null}}, {"model": "tmapp.historicaltask", "pk": 127, "fields": {"id": 20, "name": "Помидодорная задача", "content": "Уже не важно", "is_complete": true, "timestamp_create": "2023-03-16T11:40:16.287Z", "timestamp_done": "2023-03-18T06:33:47.764Z", "status": null, "executor": 4, "project": null, "sprint": 2, "history_date": "2023-03-18T10:48:47.991Z", "history_change_reason": null, "history_type": "~", "history_user": null}}, {"model": "tmapp.historicaltask", "pk": 128, "fields": {"id": 21, "name": "Внятное название", "content": "Текст, да ещё и пункты:\r\n* Пункт один\r\n* Пункт два\r\n* И даже три", "is_complete": true, "timestamp_create": "2023-03-16T11:50:21.684Z", "timestamp_done": "2023-03-18T10:50:52.500Z", "status": 1, "executor": 3, "project": 1, "sprint": 4, "history_date": "2023-03-18T10:50:53.068Z", "history_change_reason": null, "history_type": "~", "history_user": null}}, {"model": "tmapp.historicaltask", "pk": 129, "fields": {"id": 11, "name": "Что-то осмысленное", "content": "А тут много много текста", "is_complete": true, "timestamp_create": "2023-03-16T11:10:51.302Z", "timestamp_done": "2023-03-18T10:54:42.264Z", "status": null, "executor": 2, "project": 1, "sprint": null, "history_date": "2023-03-18T10:54:42.830Z", "history_change_reason": null, "history_type": "~", "history_user": null}}, {"model": "tmapp.historicaltask", "pk": 130, "fields": {"id": 7, "name": "Задача со спринтом", "content": "ЧТо то такое", "is_complete": true, "timestamp_create": "2023-03-16T07:17:31.596Z", "timestamp_done": "2023-03-18T11:20:55.014Z", "status": null, "executor": 1, "project": 1, "sprint": 2, "history_date": "2023-03-18T11:20:55.613Z", "history_change_reason": null, "history_type": "~", "history_user": null}}, {"model": "tmapp.historicaltask", "pk": 131, "fields": {"id": 4, "name": "BugFix", "content": "Исправить багу\r\nНо сначала багу найти\r\nИбо как исправлять багу, которая не найдена?", "is_complete": false, "timestamp_create": "2023-03-15T09:27:17.130Z", "timestamp_done": null, "status": 5, "executor": 1, "project": 1, "sprint": 2, "history_date": "2023-03-18T11:22:48.245Z", "history_change_reason": null, "history_type": "~", "history_user": null}}, {"model": "tmapp.historicaltask", "pk": 132, "fields": {"id": 23, "name": "Тест ДРФ", "content": "Что-то тут написано", "is_complete": false, "timestamp_create": "2023-03-16T20:06:56.239Z", "timestamp_done": null, "status": null, "executor": null, "project": 1, "sprint": 1, "history_date": "2023-03-18T11:29:30.052Z", "history_change_reason": null, "history_type": "~", "history_user": null}}, {"model": "tmapp.historicaltask", "pk": 133, "fields": {"id": 3, "name": "Многострочно", "content": "Много\r\nмного\r\nмного\r\nмного \r\nстрок", "is_complete": false, "timestamp_create": "2023-03-14T20:14:20.900Z", "timestamp_done": null, "status": 1, "executor": null, "project": 1, "sprint": 4, "history_date": "2023-03-18T11:30:28.472Z", "history_change_reason": null, "history_type": "~", "history_user": null}}, {"model": "tmapp.historicaltask", "pk": 134, "fields": {"id": 27, "name": "Тест", "content": "123", "is_complete": false, "timestamp_create": "2023-03-18T15:54:55.630Z", "timestamp_done": null, "status": 1, "executor": 3, "project": 1, "sprint": 9, "history_date": "2023-03-18T15:54:55.860Z", "history_change_reason": null, "history_type": "+", "history_user": null}}, {"model": "tmapp.historicaltask", "pk": 135, "fields": {"id": 27, "name": "Тест", "content": "123", "is_complete": false, "timestamp_create": "2023-03-18T15:54:55.630Z", "timestamp_done": null, "status": 1, "executor": 3, "project": 1, "sprint": 9, "history_date": "2023-03-18T15:55:07.380Z", "history_change_reason": null, "history_type": "~", "history_user": null}}, {"model": "tmapp.historicaltask", "pk": 136, "fields": {"id": 27, "name": "Тест", "content": "123", "is_complete": false, "timestamp_create": "2023-03-18T15:54:55.630Z", "timestamp_done": null, "status": 1, "executor": 3, "project": 2, "sprint": 9, "history_date": "2023-03-18T15:55:26.000Z", "history_change_reason": null, "history_type": "~", "history_user": null}}, {"model": "tmapp.historicaltask", "pk": 137, "fields": {"id": 27, "name": "Тест", "content": "123", "is_complete": false, "timestamp_create": "2023-03-18T15:54:55.630Z", "timestamp_done": null, "status": 1, "executor": 3, "project": 2, "sprint": 1, "history_date": "2023-03-18T15:55:33.850Z", "history_change_reason": null, "history_type": "~", "history_user": null}}, {"model": "tmapp.historicaltask", "pk": 138, "fields": {"id": 27, "name": "Тест", "content": "123", "is_complete": false, "timestamp_create": "2023-03-18T15:54:55.630Z", "timestamp_done": null, "status": 1, "executor": 3, "project": 2, "sprint": 1, "history_date": "2023-03-18T16:02:45.207Z", "history_change_reason": null, "history_type": "~", "history_user": null}}, {"model": "tmapp.historicaltask", "pk": 139, "fields": {"id": 27, "name": "Тест", "content": "12312312", "is_complete": false, "timestamp_create": "2023-03-18T15:54:55.630Z", "timestamp_done": null, "status": 1, "executor": 3, "project": 2, "sprint": 1, "history_date": "2023-03-18T16:02:50.967Z", "history_change_reason": null, "history_type": "~", "history_user": null}}, {"model": "tmapp.historicaltask", "pk": 140, "fields": {"id": 27, "name": "Тест", "content": "12312312", "is_complete": false, "timestamp_create": "2023-03-18T15:54:55.630Z", "timestamp_done": null, "status": 1, "executor": 3, "project": 2, "sprint": 1, "history_date": "2023-03-18T16:30:09.236Z", "history_change_reason": null, "history_type": "-", "history_user": null}}, {"model": "tmapp.historicaltask", "pk": 141, "fields": {"id": 23, "name": "Тест ДРФ", "content": "Что-то тут написано", "is_complete": false, "timestamp_create": "2023-03-16T20:06:56.239Z", "timestamp_done": null, "status": null, "executor": 1, "project": 1, "sprint": 1, "history_date": "2023-03-18T16:30:18.496Z", "history_change_reason": null, "history_type": "~", "history_user": null}}, {"model": "tmapp.historicaltask", "pk": 142, "fields": {"id": 23, "name": "Тест ДРФ", "content": "Что-то тут написано", "is_complete": false, "timestamp_create": "2023-03-16T20:06:56.239Z", "timestamp_done": null, "status": 1, "executor": 1, "project": 1, "sprint": 1, "history_date": "2023-03-18T16:30:37.576Z", "history_change_reason": null, "history_type": "~", "history_user": null}}, {"model": "tmapp.historicaltask", "pk": 143, "fields": {"id": 6, "name": "Новая задача", "content": "Да, это не фунт изюму", "is_complete": true, "timestamp_create": "2023-03-15T09:42:32.548Z", "timestamp_done": "2023-03-18T08:56:51.977Z", "status": 1, "executor": 2, "project": 4, "sprint": 4, "history_date": "2023-03-18T16:44:40.911Z", "history_change_reason": null, "history_type": "~", "history_user": null}}, {"model": "tmapp.historicaltask", "pk": 144, "fields": {"id": 28, "name": "Тест CRUD", "content": "123123123", "is_complete": false, "timestamp_create": "2023-03-18T17:44:36.867Z", "timestamp_done": null, "status": 1, "executor": 3, "project": null, "sprint": 10, "history_date": "2023-03-18T17:44:37.406Z", "history_change_reason": null, "history_type": "+", "history_user": null}}, {"model": "tmapp.historicaltask", "pk": 145, "fields": {"id": 28, "name": "Тест CRUD", "content": "---------", "is_complete": false, "timestamp_create": "2023-03-18T17:44:36.867Z", "timestamp_done": null, "status": 1, "executor": 3, "project": null, "sprint": 10, "history_date": "2023-03-18T17:44:46.375Z", "history_change_reason": null, "history_type": "~", "history_user": null}}, {"model": "tmapp.historicaltask", "pk": 146, "fields": {"id": 28, "name": "Тест CRUD", "content": "---------", "is_complete": false, "timestamp_create": "2023-03-18T17:44:36.867Z", "timestamp_done": null, "status": 1, "executor": 1, "project": null, "sprint": 10, "history_date": "2023-03-18T17:44:54.456Z", "history_change_reason": null, "history_type": "~", "history_user": null}}, {"model": "tmapp.historicaltask", "pk": 147, "fields": {"id": 28, "name": "Тест CRUD", "content": "---------", "is_complete": false, "timestamp_create": "2023-03-18T17:44:36.867Z", "timestamp_done": null, "status": 1, "executor": 1, "project": null, "sprint": 9, "history_date": "2023-03-18T17:44:59.465Z", "history_change_reason": null, "history_type": "~", "history_user": null}}, {"model": "tmapp.historicaltask", "pk": 148, "fields": {"id": 28, "name": "Тест CRUD", "content": "---------", "is_complete": false, "timestamp_create": "2023-03-18T17:44:36.867Z", "timestamp_done": null, "status": 1, "executor": 1, "project": null, "sprint": 9, "history_date": "2023-03-18T17:45:09.260Z", "history_change_reason": null, "history_type": "-", "history_user": null}}, {"model": "tmapp.historicaltask", "pk": 149, "fields": {"id": 29, "name": "123", "content": "123", "is_complete": false, "timestamp_create": "2023-03-18T17:45:43.835Z", "timestamp_done": null, "status": null, "executor": 3, "project": 5, "sprint": null, "history_date": "2023-03-18T17:45:43.966Z", "history_change_reason": null, "history_type": "+", "history_user": null}}, {"model": "tmapp.historicaltask", "pk": 150, "fields": {"id": 29, "name": "123", "content": "123", "is_complete": false, "timestamp_create": "2023-03-18T17:45:43.835Z", "timestamp_done": null, "status": null, "executor": 3, "project": null, "sprint": null, "history_date": "2023-03-18T17:46:20.290Z", "history_change_reason": null, "history_type": "-", "history_user": null}}, {"model": "tmapp.historicaltask", "pk": 151, "fields": {"id": 23, "name": "Тест ДРФ", "content": "Что-то тут написано?", "is_complete": false, "timestamp_create": "2023-03-16T20:06:56.239Z", "timestamp_done": null, "status": 1, "executor": 1, "project": 1, "sprint": 1, "history_date": "2023-03-18T17:55:37.992Z", "history_change_reason": null, "history_type": "~", "history_user": null}}, {"model": "tmapp.historicaltask", "pk": 152, "fields": {"id": 5, "name": "Ещё одна задача", "content": "Тут будет задача для админа", "is_complete": false, "timestamp_create": "2023-03-15T09:31:22.048Z", "timestamp_done": null, "status": 1, "executor": 3, "project": 2, "sprint": 14, "history_date": "2023-03-18T18:00:07.472Z", "history_change_reason": null, "history_type": "~", "history_user": null}}, {"model": "tmapp.historicaltask", "pk": 153, "fields": {"id": 4, "name": "BugFix", "content": "Исправить багу\r\nНо сначала багу найти\r\nИбо как исправлять багу, которая не найдена?", "is_complete": false, "timestamp_create": "2023-03-15T09:27:17.130Z", "timestamp_done": null, "status": 5, "executor": 1, "project": 1, "sprint": 4, "history_date": "2023-03-18T18:03:13.024Z", "history_change_reason": null, "history_type": "~", "history_user": null}}, {"model": "tmapp.historicaltask", "pk": 154, "fields": {"id": 22, "name": "Исправить багу", "content": "Исправить багу в программе", "is_complete": true, "timestamp_create": "2023-03-16T16:51:54.744Z", "timestamp_done": "2023-03-18T09:16:28.756Z", "status": 1, "executor": 1, "project": 2, "sprint": 13, "history_date": "2023-03-18T18:12:55.108Z", "history_change_reason": null, "history_type": "~", "history_user": null}}, {"model": "tmapp.historicaltask", "pk": 155, "fields": {"id": 22, "name": "Исправить багу", "content": "Исправить багу в программе", "is_complete": false, "timestamp_create": "2023-03-16T16:51:54.744Z", "timestamp_done": null, "status": 1, "executor": 1, "project": 2, "sprint": 13, "history_date": "2023-03-18T18:13:10.168Z", "history_change_reason": null, "history_type": "~", "history_user": null}}, {"model": "tmapp.historicaltask", "pk": 156, "fields": {"id": 20, "name": "Помидодорная задача", "content": "Уже не важно", "is_complete": true, "timestamp_create": "2023-03-16T11:40:16.287Z", "timestamp_done": "2023-03-18T06:33:47.764Z", "status": 4, "executor": 4, "project": null, "sprint": null, "history_date": "2023-03-18T18:18:07.104Z", "history_change_reason": null, "history_type": "~", "history_user": null}}, {"model": "tmapp.historicaltask", "pk": 157, "fields": {"id": 20, "name": "Помидодорная задача", "content": "Уже не важно", "is_complete": false, "timestamp_create": "2023-03-16T11:40:16.287Z", "timestamp_done": null, "status": 4, "executor": 4, "project": 1, "sprint": 3, "history_date": "2023-03-18T18:18:34.964Z", "history_change_reason": null, "history_type": "~", "history_user": null}}, {"model": "tmapp.historicaltask", "pk": 158, "fields": {"id": 20, "name": "Помидодорная задача", "content": "Уже не важно", "is_complete": false, "timestamp_create": "2023-03-16T11:40:16.287Z", "timestamp_done": null, "status": 3, "executor": 4, "project": 1, "sprint": 3, "history_date": "2023-03-18T18:18:56.396Z", "history_change_reason": null, "history_type": "~", "history_user": null}}, {"model": "tmapp.historicaltask", "pk": 159, "fields": {"id": 11, "name": "Что-то осмысленное", "content": "А тут много много текста", "is_complete": true, "timestamp_create": "2023-03-16T11:10:51.302Z", "timestamp_done": "2023-03-18T10:54:42.264Z", "status": 10, "executor": 2, "project": 1, "sprint": null, "history_date": "2023-03-18T21:59:42.084Z", "history_change_reason": null, "history_type": "~", "history_user": null}}, {"model": "tmapp.historicaltask", "pk": 160, "fields": {"id": 23, "name": "Тест ДРФ", "content": "Что-то тут написано?", "is_complete": false, "timestamp_create": "2023-03-16T20:06:56.239Z", "timestamp_done": null, "status": 1, "executor": 1, "project": 1, "sprint": null, "history_date": "2023-03-18T23:02:39.868Z", "history_change_reason": null, "history_type": "~", "history_user": null}}, {"model": "tmapp.historicaltask", "pk": 161, "fields": {"id": 23, "name": "Тест ДРФ", "content": "Что-то тут написано?", "is_complete": false, "timestamp_create": "2023-03-16T20:06:56.239Z", "timestamp_done": null, "status": 1, "executor": 1, "project": 1, "sprint": 13, "history_date": "2023-03-18T23:02:56.946Z", "history_change_reason": null, "history_type": "~", "history_user": null}}, {"model": "tmapp.historicaltask", "pk": 162, "fields": {"id": 23, "name": "Тест ДРФ", "content": "Что-то тут написано?", "is_complete": false, "timestamp_create": "2023-03-16T20:06:56.239Z", "timestamp_done": null, "status": 2, "executor": 1, "project": 1, "sprint": 13, "history_date": "2023-03-19T00:08:26.507Z", "history_change_reason": null, "history_type": "~", "history_user": null}}, {"model": "tmapp.historicaltask", "pk": 163, "fields": {"id": 23, "name": "Тест ДРФ", "content": "Что-то тут написано?", "is_complete": false, "timestamp_create": "2023-03-16T20:06:56.239Z", "timestamp_done": null, "status": 3, "executor": 1, "project": 1, "sprint": 13, "history_date": "2023-03-19T00:08:29.052Z", "history_change_reason": null, "history_type": "~", "history_user": null}}, {"model": "tmapp.historicaltask", "pk": 164, "fields": {"id": 23, "name": "Тест ДРФ", "content": "Что-то тут написано?", "is_complete": false, "timestamp_create": "2023-03-16T20:06:56.239Z", "timestamp_done": null, "status": 4, "executor": 1, "project": 1, "sprint": 13, "history_date": "2023-03-19T00:08:31.034Z", "history_change_reason": null, "history_type": "~", "history_user": null}}, {"model": "tmapp.historicaltask", "pk": 165, "fields": {"id": 22, "name": "Исправить багу", "content": "Исправить багу в программе", "is_complete": false, "timestamp_create": "2023-03-16T16:51:54.744Z", "timestamp_done": null, "status": 2, "executor": 1, "project": 2, "sprint": 13, "history_date": "2023-03-19T00:10:10.374Z", "history_change_reason": null, "history_type": "~", "history_user": null}}, {"model": "tmapp.historicaltask", "pk": 166, "fields": {"id": 22, "name": "Исправить багу", "content": "Исправить багу в программе", "is_complete": false, "timestamp_create": "2023-03-16T16:51:54.744Z", "timestamp_done": null, "status": 1, "executor": 1, "project": 2, "sprint": 13, "history_date": "2023-03-19T00:10:11.863Z", "history_change_reason": null, "history_type": "~", "history_user": null}}, {"model": "tmapp.historicaltask", "pk": 167, "fields": {"id": 22, "name": "Исправить багу", "content": "Исправить багу в программе", "is_complete": false, "timestamp_create": "2023-03-16T16:51:54.744Z", "timestamp_done": null, "status": 2, "executor": 1, "project": 2, "sprint": 13, "history_date": "2023-03-19T00:10:15.316Z", "history_change_reason": null, "history_type": "~", "history_user": null}}, {"model": "tmapp.historicaltask", "pk": 168, "fields": {"id": 22, "name": "Исправить багу", "content": "Исправить багу в программе", "is_complete": false, "timestamp_create": "2023-03-16T16:51:54.744Z", "timestamp_done": null, "status": 3, "executor": 1, "project": 2, "sprint": 13, "history_date": "2023-03-19T00:10:16.519Z", "history_change_reason": null, "history_type": "~", "history_user": null}}, {"model": "tmapp.historicaltask", "pk": 169, "fields": {"id": 22, "name": "Исправить багу", "content": "Исправить багу в программе", "is_complete": false, "timestamp_create": "2023-03-16T16:51:54.744Z", "timestamp_done": null, "status": 4, "executor": 1, "project": 2, "sprint": 13, "history_date": "2023-03-19T00:10:18.223Z", "history_change_reason": null, "history_type": "~", "history_user": null}}, {"model": "tmapp.historicaltask", "pk": 170, "fields": {"id": 22, "name": "Исправить багу", "content": "Исправить багу в программе", "is_complete": false, "timestamp_create": "2023-03-16T16:51:54.744Z", "timestamp_done": null, "status": 3, "executor": 1, "project": 2, "sprint": 13, "history_date": "2023-03-19T00:10:19.240Z", "history_change_reason": null, "history_type": "~", "history_user": null}}, {"model": "tmapp.historicaltask", "pk": 171, "fields": {"id": 22, "name": "Исправить багу", "content": "Исправить багу в программе", "is_complete": false, "timestamp_create": "2023-03-16T16:51:54.744Z", "timestamp_done": null, "status": 4, "executor": 1, "project": 2, "sprint": 13, "history_date": "2023-03-19T00:10:20.497Z", "history_change_reason": null, "history_type": "~", "history_user": null}}, {"model": "tmapp.historicaltask", "pk": 172, "fields": {"id": 23, "name": "Тест ДРФ", "content": "Что-то тут написано?", "is_complete": false, "timestamp_create": "2023-03-16T20:06:56.239Z", "timestamp_done": null, "status": 3, "executor": 1, "project": 1, "sprint": 13, "history_date": "2023-03-19T00:12:19.527Z", "history_change_reason": null, "history_type": "~", "history_user": null}}, {"model": "tmapp.historicaltask", "pk": 173, "fields": {"id": 23, "name": "Тест ДРФ", "content": "Что-то тут написано?", "is_complete": false, "timestamp_create": "2023-03-16T20:06:56.239Z", "timestamp_done": null, "status": 2, "executor": 1, "project": 1, "sprint": 13, "history_date": "2023-03-19T00:12:20.931Z", "history_change_reason": null, "history_type": "~", "history_user": null}}, {"model": "tmapp.historicaltask", "pk": 174, "fields": {"id": 23, "name": "Тест ДРФ", "content": "Что-то тут написано?", "is_complete": false, "timestamp_create": "2023-03-16T20:06:56.239Z", "timestamp_done": null, "status": 1, "executor": 1, "project": 1, "sprint": 13, "history_date": "2023-03-19T00:12:22.149Z", "history_change_reason": null, "history_type": "~", "history_user": null}}, {"model": "tmapp.historicaltask", "pk": 175, "fields": {"id": 23, "name": "Задача для тестирования DRF", "content": "Задание попробовать изменение задачи через DRF:\r\nИзменить название\r\nСтатус", "is_complete": false, "timestamp_create": "2023-03-16T20:06:56.239Z", "timestamp_done": null, "status": 1, "executor": 1, "project": 1, "sprint": 13, "history_date": "2023-03-19T00:13:32.901Z", "history_change_reason": null, "history_type": "~", "history_user": null}}, {"model": "tmapp.historicaltask", "pk": 176, "fields": {"id": 23, "name": "Задача для тестирования DRF", "content": "Задание попробовать изменение задачи через DRF:\r\nИзменить название\r\nСтатус", "is_complete": false, "timestamp_create": "2023-03-16T20:06:56.239Z", "timestamp_done": null, "status": 2, "executor": 1, "project": 1, "sprint": 13, "history_date": "2023-03-19T00:16:20.286Z", "history_change_reason": null, "history_type": "~", "history_user": null}}, {"model": "tmapp.historicaltask", "pk": 177, "fields": {"id": 23, "name": "Задача для тестирования DRF", "content": "Задание попробовать изменение задачи через DRF:\r\nИзменить название\r\nСтатус", "is_complete": false, "timestamp_create": "2023-03-16T20:06:56.239Z", "timestamp_done": null, "status": 3, "executor": 1, "project": 1, "sprint": 13, "history_date": "2023-03-19T00:16:21.678Z", "history_change_reason": null, "history_type": "~", "history_user": null}}, {"model": "tmapp.historicaltask", "pk": 178, "fields": {"id": 23, "name": "Задача для тестирования DRF", "content": "Задание попробовать изменение задачи через DRF:\r\nИзменить название\r\nСтатус", "is_complete": false, "timestamp_create": "2023-03-16T20:06:56.239Z", "timestamp_done": null, "status": 4, "executor": 1, "project": 1, "sprint": 13, "history_date": "2023-03-19T00:16:22.738Z", "history_change_reason": null, "history_type": "~", "history_user": null}}, {"model": "tmapp.historicaltask", "pk": 179, "fields": {"id": 23, "name": "Задача для тестирования DRF", "content": "Задание попробовать изменение задачи через DRF:\r\nИзменить название\r\nСтатус", "is_complete": false, "timestamp_create": "2023-03-16T20:06:56.239Z", "timestamp_done": null, "status": 3, "executor": 1, "project": 1, "sprint": 13, "history_date": "2023-03-19T00:16:23.940Z", "history_change_reason": null, "history_type": "~", "history_user": null}}, {"model": "tmapp.historicaltask", "pk": 180, "fields": {"id": 3, "name": "Многострочно", "content": "Много\r\nмного\r\nмного\r\nмного \r\nстрок", "is_complete": false, "timestamp_create": "2023-03-14T20:14:20.900Z", "timestamp_done": null, "status": 2, "executor": null, "project": 1, "sprint": 4, "history_date": "2023-03-19T00:35:28.223Z", "history_change_reason": null, "history_type": "~", "history_user": null}}, {"model": "tmapp.historicaltask", "pk": 181, "fields": {"id": 3, "name": "Многострочно", "content": "Много\r\nмного\r\nмного\r\nмного \r\nстрок", "is_complete": false, "timestamp_create": "2023-03-14T20:14:20.900Z", "timestamp_done": null, "status": 3, "executor": null, "project": 1, "sprint": 4, "history_date": "2023-03-19T00:35:31.547Z", "history_change_reason": null, "history_type": "~", "history_user": null}}, {"model": "tmapp.historicaltask", "pk": 182, "fields": {"id": 3, "name": "Многострочно", "content": "Много\r\nмного\r\nмного\r\nмного \r\nстрок", "is_complete": false, "timestamp_create": "2023-03-14T20:14:20.900Z", "timestamp_done": null, "status": 2, "executor": null, "project": 1, "sprint": 4, "history_date": "2023-03-19T00:35:33.297Z", "history_change_reason": null, "history_type": "~", "history_user": null}}, {"model": "tmapp.historicaltask", "pk": 183, "fields": {"id": 22, "name": "Исправить багу", "content": "Исправить багу в программе", "is_complete": false, "timestamp_create": "2023-03-16T16:51:54.744Z", "timestamp_done": null, "status": 3, "executor": 1, "project": 2, "sprint": 13, "history_date": "2023-03-19T01:27:01.273Z", "history_change_reason": null, "history_type": "~", "history_user": null}}, {"model": "tmapp.historicaltask", "pk": 184, "fields": {"id": 22, "name": "Исправить багу", "content": "Исправить багу в программе", "is_complete": false, "timestamp_create": "2023-03-16T16:51:54.744Z", "timestamp_done": null, "status": 4, "executor": 1, "project": 2, "sprint": 13, "history_date": "2023-03-19T01:27:46.237Z", "history_change_reason": null, "history_type": "~", "history_user": null}}, {"model": "tmapp.historicaltask", "pk": 185, "fields": {"id": 22, "name": "Исправить багу", "content": "Исправить багу в программе", "is_complete": false, "timestamp_create": "2023-03-16T16:51:54.744Z", "timestamp_done": null, "status": 4, "executor": 3, "project": 2, "sprint": 13, "history_date": "2023-03-19T01:29:13.655Z", "history_change_reason": null, "history_type": "~", "history_user": null}}, {"model": "tmapp.historicaltask", "pk": 186, "fields": {"id": 22, "name": "Исправить багу", "content": "Исправить багу в программе", "is_complete": false, "timestamp_create": "2023-03-16T16:51:54.744Z", "timestamp_done": null, "status": 3, "executor": 3, "project": 2, "sprint": 13, "history_date": "2023-03-19T01:38:38.562Z", "history_change_reason": null, "history_type": "~", "history_user": null}}, {"model": "tmapp.historicaltask", "pk": 187, "fields": {"id": 22, "name": "Исправить багу", "content": "Исправить багу в программе", "is_complete": false, "timestamp_create": "2023-03-16T16:51:54.744Z", "timestamp_done": null, "status": 2, "executor": 3, "project": 2, "sprint": 13, "history_date": "2023-03-19T01:47:25.513Z", "history_change_reason": null, "history_type": "~", "history_user": null}}, {"model": "tmapp.historicaltask", "pk": 188, "fields": {"id": 22, "name": "Исправить багу", "content": "Исправить багу в программе", "is_complete": false, "timestamp_create": "2023-03-16T16:51:54.744Z", "timestamp_done": null, "status": 3, "executor": 3, "project": 2, "sprint": 13, "history_date": "2023-03-19T01:47:41.734Z", "history_change_reason": null, "history_type": "~", "history_user": null}}, {"model": "tmapp.historicaltask", "pk": 189, "fields": {"id": 22, "name": "Исправить багу", "content": "Исправить багу в программе", "is_complete": false, "timestamp_create": "2023-03-16T16:51:54.744Z", "timestamp_done": null, "status": 4, "executor": 3, "project": 2, "sprint": 13, "history_date": "2023-03-19T01:58:06.174Z", "history_change_reason": null, "history_type": "~", "history_user": null}}, {"model": "tmapp.historicaltask", "pk": 190, "fields": {"id": 4, "name": "BugFix", "content": "Исправить багу\r\nНо сначала багу найти\r\nИбо как исправлять багу, которая не найдена?", "is_complete": false, "timestamp_create": "2023-03-15T09:27:17.130Z", "timestamp_done": null, "status": 8, "executor": 1, "project": 1, "sprint": 4, "history_date": "2023-03-19T02:00:35.787Z", "history_change_reason": null, "history_type": "~", "history_user": null}}, {"model": "tmapp.historicaltask", "pk": 191, "fields": {"id": 22, "name": "Исправить багу", "content": "Исправить багу в программе", "is_complete": false, "timestamp_create": "2023-03-16T16:51:54.744Z", "timestamp_done": null, "status": 3, "executor": 3, "project": 2, "sprint": 13, "history_date": "2023-03-19T02:01:15.483Z", "history_change_reason": null, "history_type": "~", "history_user": null}}, {"model": "tmapp.historicaltask", "pk": 192, "fields": {"id": 22, "name": "Исправить багу", "content": "Исправить багу в программе", "is_complete": false, "timestamp_create": "2023-03-16T16:51:54.744Z", "timestamp_done": null, "status": 2, "executor": 3, "project": 2, "sprint": 13, "history_date": "2023-03-19T02:01:24.012Z", "history_change_reason": null, "history_type": "~", "history_user": null}}, {"model": "tmapp.historicaltask", "pk": 193, "fields": {"id": 5, "name": "Ещё одна задача", "content": "Тут будет задача для админа", "is_complete": false, "timestamp_create": "2023-03-15T09:31:22.048Z", "timestamp_done": null, "status": 2, "executor": 3, "project": 2, "sprint": 14, "history_date": "2023-03-19T02:04:22.212Z", "history_change_reason": null, "history_type": "~", "history_user": null}}, {"model": "tmapp.historicaltask", "pk": 194, "fields": {"id": 5, "name": "Ещё одна задача", "content": "Тут будет задача для админа", "is_complete": false, "timestamp_create": "2023-03-15T09:31:22.048Z", "timestamp_done": null, "status": 1, "executor": 3, "project": 2, "sprint": 14, "history_date": "2023-03-19T02:09:00.237Z", "history_change_reason": null, "history_type": "~", "history_user": null}}, {"model": "tmapp.historicaltask", "pk": 195, "fields": {"id": 21, "name": "Внятное название", "content": "Текст, да ещё и пункты:\r\n* Пункт один\r\n* Пункт два\r\n* И даже три", "is_complete": true, "timestamp_create": "2023-03-16T11:50:21.684Z", "timestamp_done": "2023-03-18T10:50:52.500Z", "status": 2, "executor": 3, "project": 1, "sprint": 4, "history_date": "2023-03-19T02:11:31.760Z", "history_change_reason": null, "history_type": "~", "history_user": null}}, {"model": "tmapp.historicaltask", "pk": 196, "fields": {"id": 21, "name": "Внятное название", "content": "Текст, да ещё и пункты:\r\n* Пункт один\r\n* Пункт два\r\n* И даже три", "is_complete": true, "timestamp_create": "2023-03-16T11:50:21.684Z", "timestamp_done": "2023-03-18T10:50:52.500Z", "status": 3, "executor": 3, "project": 1, "sprint": 4, "history_date": "2023-03-19T02:11:36.294Z", "history_change_reason": null, "history_type": "~", "history_user": null}}, {"model": "tmapp.historicaltask", "pk": 197, "fields": {"id": 22, "name": "Исправить багу", "content": "Исправить багу в программе", "is_complete": false, "timestamp_create": "2023-03-16T16:51:54.744Z", "timestamp_done": null, "status": 3, "executor": 3, "project": 2, "sprint": 13, "history_date": "2023-03-19T02:15:05.684Z", "history_change_reason": null, "history_type": "~", "history_user": null}}, {"model": "tmapp.task", "pk": 3, "fields": {"name": "Многострочно", "content": "Много\r\nмного\r\nмного\r\nмного \r\nстрок", "is_complete": false, "timestamp_create": "2023-03-14T20:14:20.900Z", "timestamp_done": null, "status": 2, "executor": null, "project": 1, "sprint": 4}}, {"model": "tmapp.task", "pk": 4, "fields": {"name": "BugFix", "content": "Исправить багу\r\nНо сначала багу найти\r\nИбо как исправлять багу, которая не найдена?", "is_complete": false, "timestamp_create": "2023-03-15T09:27:17.130Z", "timestamp_done": null, "status": 8, "executor": 1, "project": 1, "sprint": 4}}, {"model": "tmapp.task", "pk": 5, "fields": {"name": "Ещё одна задача", "content": "Тут будет задача для админа", "is_complete": false, "timestamp_create": "2023-03-15T09:31:22.048Z", "timestamp_done": null, "status": 1, "executor": 3, "project": 2, "sprint": 14}}, {"model": "tmapp.task", "pk": 6, "fields": {"name": "Новая задача", "content": "Да, это не фунт изюму", "is_complete": true, "timestamp_create": "2023-03-15T09:42:32.548Z", "timestamp_done": "2023-03-18T08:56:51.977Z", "status": 1, "executor": 2, "project": null, "sprint": 4}}, {"model": "tmapp.task", "pk": 7, "fields": {"name": "Задача со спринтом", "content": "ЧТо то такое", "is_complete": true, "timestamp_create": "2023-03-16T07:17:31.596Z", "timestamp_done": "2023-03-18T11:20:55.014Z", "status": null, "executor": 1, "project": 1, "sprint": null}}, {"model": "tmapp.task", "pk": 11, "fields": {"name": "Что-то осмысленное", "content": "А тут много много текста", "is_complete": true, "timestamp_create": "2023-03-16T11:10:51.302Z", "timestamp_done": "2023-03-18T10:54:42.264Z", "status": 10, "executor": 2, "project": 1, "sprint": null}}, {"model": "tmapp.task", "pk": 19, "fields": {"name": "Проект веб сайта", "content": "Придумать строение моделей\r\n* фывжад\r\n* фжыдлв\r\n*", "is_complete": true, "timestamp_create": "2023-03-16T11:34:52.996Z", "timestamp_done": "2023-03-17T13:39:45.710Z", "status": 1, "executor": 1, "project": 1, "sprint": 3}}, {"model": "tmapp.task", "pk": 20, "fields": {"name": "Помидодорная задача", "content": "Уже не важно", "is_complete": false, "timestamp_create": "2023-03-16T11:40:16.287Z", "timestamp_done": null, "status": 3, "executor": 4, "project": 1, "sprint": 3}}, {"model": "tmapp.task", "pk": 21, "fields": {"name": "Внятное название", "content": "Текст, да ещё и пункты:\r\n* Пункт один\r\n* Пункт два\r\n* И даже три", "is_complete": true, "timestamp_create": "2023-03-16T11:50:21.684Z", "timestamp_done": "2023-03-18T10:50:52.500Z", "status": 3, "executor": 3, "project": 1, "sprint": 4}}, {"model": "tmapp.task", "pk": 22, "fields": {"name": "Исправить багу", "content": "Исправить багу в программе", "is_complete": false, "timestamp_create": "2023-03-16T16:51:54.744Z", "timestamp_done": null, "status": 3, "executor": 3, "project": 2, "sprint": 13}}, {"model": "tmapp.task", "pk": 23, "fields": {"name": "Задача для тестирования DRF", "content": "Задание попробовать изменение задачи через DRF:\r\nИзменить название\r\nСтатус", "is_complete": false, "timestamp_create": "2023-03-16T20:06:56.239Z", "timestamp_done": null, "status": 3, "executor": 1, "project": 1, "sprint": 13}}, {"model": "tmapp.project", "pk": 1, "fields": {"name": "Второй проект", "content": "Что-то тут написать, да побольше?", "is_complete": false, "timestamp_create": "2023-03-15T09:42:07.009Z", "timestamp_done": null}}, {"model": "tmapp.project", "pk": 2, "fields": {"name": "Проект по созданию сайта", "content": "Разработать модель\r\nСделать шаблон фронтенда\r\nЗакодить\r\nПротестировать", "is_complete": false, "timestamp_create": "2023-03-18T06:48:36.372Z", "timestamp_done": null}}, {"model": "tmapp.sprint", "pk": 3, "fields": {"name": "Доделать бэк", "date_start": "2023-03-20", "date_end": "2023-03-24", "project": 1}}, {"model": "tmapp.sprint", "pk": 4, "fields": {"name": "Текущий спринт", "date_start": "2023-03-14", "date_end": "2023-03-28", "project": 1}}, {"model": "tmapp.sprint", "pk": 5, "fields": {"name": "Отображаемый спринт", "date_start": "2023-03-15", "date_end": "2023-03-31", "project": 1}}, {"model": "tmapp.sprint", "pk": 13, "fields": {"name": "Спринт на эту неделю", "date_start": "2023-03-13", "date_end": "2023-03-19", "project": 2}}, {"model": "tmapp.sprint", "pk": 14, "fields": {"name": "Спринт на следующую неделю", "date_start": "2023-03-20", "date_end": "2023-03-26", "project": 2}}, {"model": "tmapp.status", "pk": 1, "fields": {"name": "Анализ", "parent_status": null}}, {"model": "tmapp.status", "pk": 2, "fields": {"name": "Выполнение", "parent_status": 1}}, {"model": "tmapp.status", "pk": 3, "fields": {"name": "Тестирование", "parent_status": 2}}, {"model": "tmapp.status", "pk": 4, "fields": {"name": "Выполнена", "parent_status": 3}}, {"model": "tmapp.status", "pk": 5, "fields": {"name": "Поиск причины", "parent_status": null}}, {"model": "tmapp.status", "pk": 8, "fields": {"name": "Исправление", "parent_status": 5}}, {"model": "tmapp.status", "pk": 10, "fields": {"name": "Завершена", "parent_status": 8}}]
